webTitle,webPublicationDate,webUrl,sectionName
Australians to get at least three hours a day of free solar power – even if they don’t have solar panels,2025-11-03T11:30:33Z,https://www.theguardian.com/australia-news/2025/nov/03/australians-to-get-at-least-three-hours-a-day-of-free-solar-power-even-if-they-dont-have-solar-panels,Australia news
" Morning Mail: Free solar power plan, science prize for airborne disease researcher, mystery shipwreck discovery",2025-11-03T19:38:25Z,https://www.theguardian.com/australia-news/2025/nov/04/morning-mail-tuesday-ntwnfb,Australia news
Australians have been offered free solar power. How do I get mine and will it make my energy bill cheaper?,2025-11-04T08:05:53Z,https://www.theguardian.com/environment/2025/nov/04/australia-free-solar-power-scheme-how-when-houshold-bills,Environment
Reeves considers cut to green levies in effort to reduce cost of energy bills,2025-11-04T20:47:08Z,https://www.theguardian.com/uk-news/2025/nov/04/chancellor-considers-cut-green-levies-reduce-cost-of-energy-bills-rachel-reeves,UK news
"Rachel Reeves’s 5% VAT cut on electricity bills will backfire, experts say",2025-11-02T16:58:10Z,https://www.theguardian.com/uk-news/2025/nov/02/rachel-reevess-5-vat-cut-on-electricity-bills-will-backfire-experts-say,UK news
Hallé/Shields/Adams: John Adams festival review – dynamism that could generate electricity,2025-11-02T13:23:08Z,https://www.theguardian.com/music/2025/nov/02/john-adams-festival-review-halle-orchestra-bridgewater-hall,Music
Australian wholesale electricity prices are falling. So when will power bills stop rising?,2025-11-01T19:00:43Z,https://www.theguardian.com/environment/2025/nov/02/energy-prices-falling-electricity-cheaper-households,Environment
"Solar geoengineering in wrong hands could wreak climate havoc, scientists warn",2025-11-05T00:01:10Z,https://www.theguardian.com/environment/2025/nov/05/solar-geoengineering-in-wrong-hands-could-wreak-climate-havoc-scientists-warn,Environment
Britain’s red-tailed bumblebees may have an unlikely saviour in solar farms,2025-11-05T06:00:17Z,https://www.theguardian.com/environment/2025/nov/05/uk-red-tailed-bumblebees-farming-solar-farms,Environment
Solar booms in industrial US midwest as energy crisis persists,2026-05-02T16:00:29Z,https://www.theguardian.com/us-news/2026/may/02/solar-midwest-energy-crisis,US news
Why biomethane is not the solution to Britain’s gas supply issues | Letter,2026-04-26T15:46:47Z,https://www.theguardian.com/environment/2026/apr/26/why-biomethane-is-not-the-solution-to-britains-gas-supply-issues,Environment
Eurozone inflation soars to 3% as Iran war drives up energy prices,2026-04-30T12:30:05Z,https://www.theguardian.com/business/2026/apr/30/eurozone-inflation-increase-iran-war-drives-up-energy-prices,Business
"US activists plan May Day economic blackout: ‘No school, no work, no shopping’",2026-04-28T11:00:08Z,https://www.theguardian.com/us-news/2026/apr/28/may-day-economic-blackout,US news
"One year after Spain’s blackout, its shift to renewables and grid evolution power on",2026-04-28T13:47:48Z,https://www.theguardian.com/world/2026/apr/28/blackout-spain-renewable-energy-grid-solar-wind,World news
"Thousands in US join ‘no school, no work, no shopping’ May Day protest and economic blackout",2026-05-01T19:20:00Z,https://www.theguardian.com/us-news/2026/may/01/may-day-strong-economic-protests,US news
Trump administration blocks US wind energy projects in switch to oil and gas,2026-04-28T21:37:43Z,https://www.theguardian.com/us-news/2026/apr/28/trump-administration-wind-projects,US news
The great energy pivot: US oil and Chinese solar are the winners in Trump’s war on Iran,2026-04-26T11:00:12Z,https://www.theguardian.com/business/2026/apr/26/more-than-oil-prices-iran-war-threatens-to-reshape-global-energy-order,Business
"Australia’s energy grid must triple capacity by 2050 with major increase to wind and solar, Aemo says",2025-12-09T13:01:03Z,https://www.theguardian.com/australia-news/2025/dec/10/australia-must-increase-energy-grid-capacity-wind-solar-aemo,Australia news
Ofgem approves early investment in three UK electricity ‘superhighways’,2025-12-09T18:03:52Z,https://www.theguardian.com/business/2025/dec/09/ofgem-investment-uk-electricity-superhighways,Business
‘Zombie’ electricity projects in Britain face axe to ease quicker grid connections,2025-12-08T06:00:44Z,https://www.theguardian.com/business/2025/dec/08/zombie-electricity-projects-britain-face-axe-grid-connections-net-zero,Business
The Guardian view on solar geoengineering: Africa has a point about this risky technology | Editorial,2025-12-08T18:08:03Z,https://www.theguardian.com/commentisfree/2025/dec/08/the-guardian-view-on-solar-geoengineering-africa-has-a-point-about-this-risky-technology,Opinion
"Britain ‘faces deindustrialisation’ without relief from high energy prices, survey warns",2026-06-15T05:00:03Z,https://www.theguardian.com/business/2026/jun/15/britain-faces-deindustrialisation-relief-energy-prices-survey-make-uk,Business
How doing a wash while you watch the World Cup at 2am could cut energy bills,2026-06-13T06:00:07Z,https://www.theguardian.com/money/2026/jun/13/how-doing-a-wash-while-you-watch-the-world-cup-at-2am-could-cut-energy-bills,Money
Listen to manufacturers and unions: high electricity prices are killing industry | Nils Pratley,2026-06-15T11:11:33Z,https://www.theguardian.com/business/nils-pratley-on-finance/2026/jun/15/manufacturers-unions-electricity-prices-make-uk-tuc,Business
Retail giants join UK government drive to boost ‘plug-in’ balcony solar panels,2026-06-16T14:01:36Z,https://www.theguardian.com/money/2026/jun/16/retail-giants-join-uk-government-drive-to-boost-plug-in-balcony-solar-panels,Money
‘A sacred kind of sound’: inside a solar-powered journey to preserve the music of church organs,2026-06-18T09:00:01Z,https://www.theguardian.com/music/2026/jun/18/michael-cloud-duguay-album-church-organs,Music
How Pakistan’s people-led solar boom is easing impact of Middle East energy crisis,2026-03-17T13:00:47Z,https://www.theguardian.com/environment/2026/mar/17/pakistan-people-led-solar-boom-middle-east-energy-crisis,Environment
Reform UK may breach data laws with free energy bills competition,2026-03-17T19:34:21Z,https://www.theguardian.com/politics/2026/mar/17/reform-uk-may-breach-data-laws-free-energy-bills-competition,Politics
Energy minister: ‘every penny’ levied on household energy bills will be scrutinised,2026-03-17T18:21:52Z,https://www.theguardian.com/money/2026/mar/17/energy-minister-every-penny-levied-on-household-energy-bills-will-be-scrutinised,Money
‘Waiting for days’: India feels impact of gas supply chain disruption amid Iran conflict,2026-03-19T06:00:01Z,https://www.theguardian.com/world/2026/mar/19/india-liquefied-petroleum-gas-lpg-supply-chain-disruption-iran-conflict,World news
Energy bills: UK government urged to launch ‘social tariff’ to help vulnerable households,2026-03-18T06:00:25Z,https://www.theguardian.com/money/2026/mar/18/energy-bills-uk-government-urged-to-launch-social-tariff-to-help-vulnerable-households,Money
One of Britain’s last major chemical plants at risk as energy prices surge,2026-03-15T10:00:21Z,https://www.theguardian.com/business/2026/mar/15/energy-price-surge-britain-chemical-plant-risk-huntsman,Business
"Household energy bills in Great Britain ‘could rise to almost £2,000 a year’ amid Iran war shock",2026-03-20T12:50:53Z,https://www.theguardian.com/money/2026/mar/20/household-energy-bills-in-great-britain-could-rise-iran-war-shock,Money
"Ambulance delays during power cut possibly contributed to man’s death, coroner rules",2026-03-20T15:41:42Z,https://www.theguardian.com/society/2026/mar/20/peter-coates-death-coroner-ambulance-delays-power-cut,Society
China has been preparing for a global energy crisis for years. It is paying off now,2026-03-20T01:14:34Z,https://www.theguardian.com/world/2026/mar/20/china-oil-reserves-global-energy-crisis,World news
"Power prices expected to fall by up to 10% from July, bringing ‘welcome relief’ to Australia’s east coast",2026-03-19T06:06:12Z,https://www.theguardian.com/australia-news/2026/mar/19/power-bills-on-australias-east-coast-expected-to-fall-by-up-to-10-from-july-bringing-welcome-relief,Australia news
Trump predicts he will have ‘honour of taking Cuba’ amid power blackout,2026-03-17T01:00:03Z,https://www.theguardian.com/world/2026/mar/17/donald-trump-can-take-cuba-oil,World news
Leo Varadkar: LGBTQ+ rights in Europe face ‘chill wind’ from east and west,2026-03-19T07:00:02Z,https://www.theguardian.com/world/2026/mar/19/leo-varadkar-lgbtq-rights-in-europe-face-chill-wind-from-east-and-west,World news
Trump hints at wind down of war as US prepares to send more troops to Gulf,2026-03-21T07:44:11Z,https://www.theguardian.com/world/2026/mar/20/us-considering-occupying-iran-kharg-island-hormuz-strait-trump,World news
"‘Damage will be widespread’: Narelle brings 250km/h wind gusts, with tourists evacuated and schools closed",2026-03-19T17:50:47Z,https://www.theguardian.com/australia-news/2026/mar/19/tropical-cyclone-narelle-qld-storm-tracker-path-tracking-map-bom,Australia news
"‘Yes to fields of wheat, no to fields of iron’: how the world’s greenest country soured on solar",2026-03-20T14:00:27Z,https://www.theguardian.com/world/2026/mar/20/solar-power-renewable-energy-denmark-backlash-national-elections,World news
‘It was our little idyll – until the solar farm landed’: the battle raging in the heart of the British countryside,2026-03-21T12:00:51Z,https://www.theguardian.com/environment/2026/mar/21/lincolnshire-solar-farm-controversy-british-countryside,Environment
Rise in energy prices leaves 1m UK households behind on bills,2025-09-10T04:01:00Z,https://www.theguardian.com/money/2025/sep/10/rise-in-energy-prices-leaves-1m-uk-households-behind-on-bills,Money
Samantha Cameron to wind down her Cefinn womenswear brand,2025-09-10T17:27:47Z,https://www.theguardian.com/fashion/2025/sep/10/samantha-cameron-to-wind-down-her-cefinn-womenswear-brand,Fashion
Cuba hit with fifth blackout in less than a year with 10m people in the dark,2025-09-10T16:28:09Z,https://www.theguardian.com/world/2025/sep/10/cuba-electricity-power-blackout,World news
"Misinformation, fear and politics – how a South Dakota county drove away millions in solar energy",2025-09-10T12:00:03Z,https://www.theguardian.com/environment/2025/sep/10/south-dakota-solar-energy,Environment
Offshore wind was touted as a key part of Australia’s energy transition – but does it still have a future?,2025-09-12T00:00:20Z,https://www.theguardian.com/environment/2025/sep/12/offshore-wind-australia-energy-transition-so-why-mass-exodus-from-investors,Environment
Rhode Island and Connecticut sue over Trump administration’s wind farm halt,2025-09-04T16:53:41Z,https://www.theguardian.com/us-news/2025/sep/04/rhode-island-connecticut-trump-administration-revolution-wind,US news
Why are some Australian energy bills going up – and when will they come down?,2026-06-24T15:00:47Z,https://www.theguardian.com/environment/2026/jun/25/australian-energy-prices-going-up-electricity-bills,Environment
Europe’s heatwave drives electricity prices to new highs as demand soars,2026-06-23T18:41:26Z,https://www.theguardian.com/business/2026/jun/23/electricity-prices-jump-in-europe-as-demands-soars-in-the-heatwave,Business
"Factchecking five Coalition claims about net zero, from power prices to the $9tn cost",2025-11-15T19:00:14Z,https://www.theguardian.com/australia-news/2025/nov/16/coalition-net-zero-emissions-claims-factcheck-electricity-price-power-bill-cost,Environment
Southern lights seen across Australia amid severe solar storm,2025-11-12T16:52:15Z,https://www.theguardian.com/science/2025/nov/12/aurora-australis-what-time-forecast-how-to-see-southern-lights-g4-geomagnetic-solar-storm,Science
‘Demonic’ Wind in the Willows jumper banned from Westminster Abbey,2025-11-14T06:00:19Z,https://www.theguardian.com/uk-news/2025/nov/14/demonic-wind-in-the-willows-jumper-banned-from-westminster-abbey,UK news
Stunning aurora australis lights up sky above New Zealand and Australia after ‘cannibal’ solar storm,2025-11-13T02:05:08Z,https://www.theguardian.com/science/2025/nov/13/stunning-aurora-australis-lights-up-sky-above-new-zealand-and-australia-after-cannibal-solar-storm,Science
"Energy bills will rise by £209 a year to £1,850 from July, forecaster says",2026-05-19T14:26:45Z,https://www.theguardian.com/money/2026/may/19/energy-bills-rise-july-gas-electricity-prices-cap-great-britain-iran-war,Money
More than 100 UK datacentres plan to burn gas to generate electricity,2026-05-18T04:00:59Z,https://www.theguardian.com/business/2026/may/18/uk-datacentres-plan-to-burn-gas-to-generate-electricity,Business
"‘Turn off the juice of the rulers!’ Who are the Volcano Group, mystery saboteurs behind a five-day Berlin blackout? ",2026-05-23T10:00:26Z,https://www.theguardian.com/environment/2026/may/23/volcano-group-berlin-blackout-mystery-saboteurs,Environment
"UK inflation eases more than expected to 2.8%, led by lower electricity and gas bills – as it happened",2026-05-20T14:40:35Z,https://www.theguardian.com/business/live/2026/may/20/uk-inflation-eases-lower-electricity-gas-bills-iran-war-business-latest-news-updates,Business
How often should you go to the toilet? How can you get the better of wind? Experts’ tips for a healthier gut,2026-05-21T04:00:02Z,https://www.theguardian.com/lifeandstyle/2026/may/21/how-often-should-you-go-to-the-toilet-how-can-you-get-the-better-of-wind-experts-tips-for-a-healthier-gut,Life and style
Tony Blair’s thinktank accuses Ed Miliband of driving up energy prices ,2026-02-13T00:01:30Z,https://www.theguardian.com/environment/2026/feb/13/tony-blair-institute-thinktank-ed-miliband-energy-prices,Environment
Wake up Labour MPs: the price of electricity is a crisis for industry and growth | Nils Pratley,2026-02-11T18:58:17Z,https://www.theguardian.com/business/nils-pratley-on-finance/2026/feb/11/wake-up-labour-mps-price-of-electricity-is-crisis-for-industry-and-growth,Business
"‘What’s more important, the electricity or food?’: extreme heat is driving up power bills in central Australia",2026-02-14T19:00:02Z,https://www.theguardian.com/australia-news/2026/feb/15/extreme-heat-driving-up-power-bills-central-australia-prepaid-electricity-northern-territory,Australia news
Maximising time in the sun: how to maintain and repair solar panels to make them last,2026-02-13T23:00:36Z,https://www.theguardian.com/australia-news/2026/feb/13/maximising-time-in-the-sun-how-to-maintain-and-repair-solar-panels-to-make-them-last,Australia news
"No water or electricity, and children begging in streets filled with rubbish – but this is why I won’t leave Cuba",2026-02-13T15:00:26Z,https://www.theguardian.com/world/2026/feb/13/no-water-or-electricity-and-children-begging-in-streets-filled-with-rubbish-but-this-is-why-i-wont-leave-cuba,World news
Iran’s access to global internet starts to resume after 88-day blackout,2026-05-26T14:28:53Z,https://www.theguardian.com/world/2026/may/26/iran-internet-blackout,World news
Ofgem should tell it straight: electricity prices are set to stay high for years | Nils Pratley,2026-05-26T07:00:48Z,https://www.theguardian.com/business/nils-pratley-on-finance/2026/may/26/ofgem-should-tell-it-straight-electricity-prices-are-set-to-stay-high-for-years,Business
Solar energy helps US farms stay afloat – but Republicans’ bill could change that,2026-05-29T15:00:55Z,https://www.theguardian.com/environment/2026/may/29/farm-bill-solar-projects-farming,Environment
US woman killed after wind-blown umbrella strikes her neck at restaurant,2026-05-26T16:51:25Z,https://www.theguardian.com/us-news/2026/may/26/south-carolina-woman-dies-umbrella-accident,US news
Rachel Reeves rules out universal support on energy bills,2026-03-24T15:18:22Z,https://www.theguardian.com/politics/2026/mar/24/rachel-reeves-rules-out-universal-support-energy-bills,Politics
There are solutions to Britain’s energy crisis | Letters,2026-03-26T16:49:13Z,https://www.theguardian.com/business/2026/mar/26/there-are-solutions-to-britains-energy-crisis,Business
"‘Tempolimit? Nein, danke!’: why German petrolheads won’t slow down – despite the energy crisis",2026-03-27T13:00:01Z,https://www.theguardian.com/world/2026/mar/27/germany-autobahn-no-speed-limits-energy-crisis,World news
Japan to begin biggest-ever oil release from national reserves as Middle East energy crisis bites,2026-03-24T04:36:06Z,https://www.theguardian.com/world/2026/mar/24/japan-oil-release-national-reserves,World news
"Iran war energy crisis equal to 70s twin oil shocks and fallout from Ukraine war, says IEA chief",2026-03-23T05:04:11Z,https://www.theguardian.com/world/2026/mar/23/iran-war-energy-crisis-1970s-oil-shocks-fatih-birol-iea,World news
"Iran war energy crisis equal to 70s twin oil shocks and Ukraine invasion fallout, says IEA chief | First Thing",2026-03-23T14:16:32Z,https://www.theguardian.com/us-news/2026/mar/23/first-thing-iran-war-energy-crisis-equal-70s-oil-shocks-ukraine-invasion-fallout-iea-chief-says,US news
Octopus reports sharp rise in solar panel sales since start of Iran war,2026-03-26T11:51:17Z,https://www.theguardian.com/environment/2026/mar/26/octopus-sharp-rise-solar-panel-sales-iran-war,Environment
Iran war threatens to delay large offshore wind projects in EU and UK,2026-03-25T15:17:17Z,https://www.theguardian.com/business/2026/mar/25/iran-war-strait-of-hormuz-shipping-delays-windfarm-projects-europe,Business
US to pay almost $1bn to French energy company to kill wind project plan,2026-03-23T19:26:15Z,https://www.theguardian.com/us-news/2026/mar/23/trump-administration-wind-project-plan,US news
Tropical Cyclone Narelle forecast to pummel remote WA towns with wind gusts of up to 275km/h,2026-03-26T15:02:25Z,https://www.theguardian.com/australia-news/2026/mar/26/tropical-cyclone-narelle-storm-flooding-wa-western-australia,Australia news
‘Privatisation premium’: billions from UK energy bills paid to shareholders ,2025-09-17T14:52:03Z,https://www.theguardian.com/politics/2025/sep/17/privatisation-premium-billions-from-uk-energy-bills-paid-to-shareholders,Politics
‘We were being watched by the KGB’: how Scorpions made Wind of Change,2025-09-15T13:45:04Z,https://www.theguardian.com/culture/2025/sep/15/kgb-scorpions-wind-of-change-whistling,Culture
Power Station review – solar power and solidarity on a Walthamstow street,2025-09-29T08:00:34Z,https://www.theguardian.com/film/2025/sep/29/power-station-review-solar-power-and-solidarity-on-a-walthamstow-street,Film
Wetherspoons boss vows to keep price rises to a minimum as he criticises energy bills,2025-10-03T07:50:45Z,https://www.theguardian.com/business/2025/oct/03/wetherspoons-price-rises-energy-bills-packaging-tax-tim-martin,Business
Afghanistan ‘blind without phones and internet’ on second day of telecoms blackout,2025-09-30T12:16:07Z,https://www.theguardian.com/world/2025/sep/30/afghanistan-mobile-phones-internet-telecoms-blackout-taliban,World news
Digested week: how to wind up your sibling – and a great day for introverts | Lucy Mangan,2025-10-03T10:33:31Z,https://www.theguardian.com/uk-news/2025/oct/03/digested-week-how-to-wind-up-your-sibling-and-a-great-day-for-introverts-lucy-mangan,UK news
"Households could save £200 on energy bills in plan to break link between gas and electricity prices, says thinktank",2026-06-10T06:00:13Z,https://www.theguardian.com/environment/2026/jun/10/public-procurement-electricity-could-save-households,Environment
"No electricity, no gas, no sleep: Cubans on edge amid endless outages",2026-06-08T06:00:18Z,https://www.theguardian.com/world/2026/jun/08/cuba-power-outages-electricity,World news
World’s first wind-powered underwater datacentre starts operating in China,2026-06-09T05:00:45Z,https://www.theguardian.com/world/2026/jun/09/worlds-first-wind-powered-underwater-datacentre-starts-operating-in-china,World news
Australian homes lead the world in solar. But businesses are falling behind,2026-06-08T14:01:26Z,https://www.theguardian.com/environment/2026/jun/09/australia-rooftop-solar-panels-households-business,Environment
A solar-powered rubbish-eating boat? The vessel chomping plastic waste out of the sea,2026-06-12T11:00:44Z,https://www.theguardian.com/environment/2026/jun/12/solar-powered-rubbish-eating-boat-plastic-waste-sea,Environment
"Wind and solar overtook fossil fuels for EU power generation in 2025, report finds",2026-01-21T23:01:50Z,https://www.theguardian.com/environment/2026/jan/22/wind-and-solar-overtook-fossil-fuels-in-power-generation-for-eu-in-2025-report,Environment
How Trump’s promise to slash energy bills in half has failed across the US,2026-01-17T15:00:29Z,https://www.theguardian.com/us-news/2026/jan/17/trump-energy-bill-prices-increase,US news
Ukraine war briefing: energy crisis worsens amid more Russia airstrikes,2026-01-24T05:39:25Z,https://www.theguardian.com/world/2026/jan/24/ukraine-war-briefing-russia-launches-strikes-on-kyiv-and-kharkhiv-during-abu-dhabi-talks,World news
Economic blackout day planned in Minnesota to protest ICE surge,2026-01-20T11:00:02Z,https://www.theguardian.com/us-news/2026/jan/20/ice-immigrarion-minnesota-economic-protest,US news
‘We have to stand together’: Minnesota economic blackout organizers push to take demonstrations nationwide,2026-01-22T18:00:52Z,https://www.theguardian.com/business/2026/jan/22/minnesota-economic-blackout-ice,Business
New Australian carbon credit scheme for solar and EVs accused of potentially misleading customers,2026-01-18T14:00:59Z,https://www.theguardian.com/australia-news/2026/jan/19/australian-carbon-credit-scheme-solar-electric-vehicles-accused-potentially-misleading-customers,Australia news
Aurora australis set to light up Australian sky as agencies monitor ‘severe’ solar storm,2026-01-20T06:40:40Z,https://www.theguardian.com/science/2026/jan/20/aurora-australis-set-to-light-up-australian-sky-as-agencies-monitor-severe-solar-storm,Science
‘I always knew my dogs loved the wind on their faces’: Thiago Bernardes de Souza’s best phone picture,2026-01-17T11:00:25Z,https://www.theguardian.com/lifeandstyle/2026/jan/17/thiago-bernardes-de-souza-best-phone-picture,Life and style
Energy bills: millions of Britons ‘at risk of overpaying if they fail to read meter’,2025-09-23T13:27:16Z,https://www.theguardian.com/money/2025/sep/23/energy-bills-millions-overpaying-meter-readings-uswitch,Money
Great Britain’s electricity grid fortified against blackouts after Iberian crash,2025-09-23T07:32:28Z,https://www.theguardian.com/business/2025/sep/23/operator-pledges-to-secure-great-britains-electricity-grid-against-blackouts,Business
‘It kept our spirits alive’: Taliban’s internet blackout leaves girls in despair,2025-09-23T11:49:58Z,https://www.theguardian.com/global-development/2025/sep/23/taliban-afghanistan-internet-shutdown-women-girls-education-hope,Global development
Electricity generation costs would be up to 50% higher if Australia stuck with coal and gas only,2025-09-25T00:00:21Z,https://www.theguardian.com/australia-news/2025/sep/25/electricity-generation-costs-would-be-up-to-50-higher-in-australia-without-renewables-analysis-shows,Australia news
Climate activists gather in New York for ‘Sun Day’ solar energy and anti-billionaire rallies,2025-09-22T11:34:44Z,https://www.theguardian.com/us-news/2025/sep/22/sun-day-climate-new-york,US news
How Trump’s assault on US wind industry threatens jobs and power for nearly 5m homes,2025-09-24T10:00:23Z,https://www.theguardian.com/us-news/2025/sep/24/trump-wind-power-threats-homes,Environment
Home batteries: a ‘gamechanger’ for cutting energy bills?,2026-05-09T06:00:49Z,https://www.theguardian.com/money/2026/may/09/home-batteries-cutting-energy-bills-fuel-prices-electricity-costs,Money
Both left and right are deluding themselves about the scale of the energy crisis Britain faces | Ewan Gibbs,2026-05-07T12:00:48Z,https://www.theguardian.com/commentisfree/2026/may/07/left-right-energy-crisis-britain-north-sea-renewables,Opinion
The next step after solar: understanding modular home batteries ,2026-05-04T02:42:35Z,https://www.theguardian.com/bluetti-fully-charged/2026/may/04/modular-home-battery-australia,Bluetti: Fully charged
‘A share in the delight’: the people investing in the UK’s first community-owned solar battery,2026-05-08T09:00:41Z,https://www.theguardian.com/environment/2026/may/08/a-share-in-the-delight-the-people-investing-in-the-uks-first-community-owned-solar-battery,Environment
"Scientists discover 27 potential new planets that orbit two stars in solar systems far, far away",2026-05-04T00:01:07Z,https://www.theguardian.com/science/2026/may/04/scientists-discover-27-potential-new-planets,Science
"The global energy shock is driving people to EVs, solar and batteries. What renewables subsidies are available in Australia?",2026-05-09T20:00:06Z,https://www.theguardian.com/environment/2026/may/10/australia-renewable-energy-subsidies-solar-panels-ev-home-batteries,Environment
"49 ways to have fun right now! Skydive in a wind tunnel, count dogs and run like a three-year-old",2026-05-04T04:00:14Z,https://www.theguardian.com/lifeandstyle/2026/may/04/49-ways-to-have-fun-right-now-skydive-in-a-wind-tunnel-count-dogs-and-run-like-a-three-year-old,Life and style
Premier League and EFL to hold talks over ending Saturday 3pm blackout,2025-12-25T12:00:39Z,https://www.theguardian.com/football/2025/dec/25/premier-league-efl-talks-saturday-3pm-blackout-football-tv-rights,Football
Trump officials halt offshore wind-farm projects over ‘national security risks’,2025-12-22T16:16:03Z,https://www.theguardian.com/us-news/2025/dec/22/trump-wind-farms,US news
Energy minister says UK must ‘do whatever it takes’ to avoid gas supply crisis,2025-11-27T17:30:16Z,https://www.theguardian.com/business/2025/nov/27/energy-advisers-warn-ministers-of-emerging-uk-gas-supply-crisis,Business
Weatherwatch: Can you really hear the wind? ,2025-11-27T06:00:19Z,https://www.theguardian.com/news/2025/nov/27/weatherwatch-can-you-really-hear-the-wind,News
"Changes in solar energy fuelled high speed evolutionary changes, study suggests",2025-11-26T06:00:43Z,https://www.theguardian.com/science/2025/nov/26/changes-in-solar-energy-fuelled-high-speed-evolutionary-changes-study-suggests,Science
Households in Great Britain face surprise rise in energy bills from January,2025-11-21T12:14:51Z,https://www.theguardian.com/money/2025/nov/21/energy-price-cap-great-britain-rise-january-fuel,Money
"Use smart tech, turn heat down, service boilers: how to save money on energy bills",2025-11-19T07:00:09Z,https://www.theguardian.com/money/2025/nov/19/smart-tech-heat-service-boilers-save-energy-bills,Money
Barcelona peg back Chelsea before TV blackout delay to reach WCL summit,2025-11-20T22:04:16Z,https://www.theguardian.com/football/2025/nov/20/chelsea-barcelona-womens-champions-league-match-report,Football
Are Australians really paying more for electricity than other countries? ,2025-11-16T14:00:34Z,https://www.theguardian.com/australia-news/2025/nov/17/are-australians-really-paying-more-for-electricity-than-other-countries,Australia news
Industry can’t wait any longer for a fix to its energy crisis. Ministers should get a move on | Nils Pratley,2025-11-20T17:55:54Z,https://www.theguardian.com/business/nils-pratley-on-finance/2025/nov/20/industry-cant-wait-any-longer-for-a-fix-to-its-energy-crisis-ministers-should-get-a-move-on,Business
‘Gobsmacking’ solar farm that could power AI datacentres ‘possibly unparalleled’ in Australia or world ,2025-11-20T14:00:12Z,https://www.theguardian.com/australia-news/2025/nov/20/artificial-intelligence-data-centre-australia-solar-farm-possibly-unparalleled,Australia news
"Morning Mail: Coalition’s secret net zero talking points, huge solar project proposed, Zelenskyy wary of new peace plan",2025-11-20T19:55:58Z,https://www.theguardian.com/australia-news/2025/nov/21/morning-mail-friday-ntwnfb,Australia news
"2025 is UK’s sunniest year on record, boosting solar power",2025-12-17T06:00:27Z,https://www.theguardian.com/uk-news/2025/dec/17/2025-is-uks-sunniest-year-on-record-boosting-solar-power,UK news
Democratic senators investigate data centers’ effects on electricity prices,2025-12-16T20:25:05Z,https://www.theguardian.com/us-news/2025/dec/16/data-centers-consumer-prices,US news
We must not stop research on solar geoengineering | Letters,2025-12-15T18:03:04Z,https://www.theguardian.com/environment/2025/dec/15/we-must-not-stop-research-on-solar-geoengineering,Environment
"Electricity generation costs would be a third lower with 82% renewable grid, CSIRO says",2025-12-16T14:00:06Z,https://www.theguardian.com/australia-news/2025/dec/16/electricity-generation-costs-third-lower-82-renewable-grid,Australia news
"Datacentres should be forced to invest in wind and solar energy, all states agree – except Queensland",2026-05-12T05:16:37Z,https://www.theguardian.com/environment/2026/may/12/datacentres-australia-wind-solar-energy-investment,Environment
"Datacentres using 6% of electricity supply in UK and US, research says",2026-05-13T10:48:13Z,https://www.theguardian.com/technology/2026/may/13/datacentres-electricity-consumption-uk-us-ai,Technology
"This fuel-free solar oven cooks on sunshine when you have it, electricity when you don’t",2026-05-15T19:15:48Z,https://www.theguardian.com/thefilter-us/2026/may/15/gosun-sport-e-solar-oven-review,The Filter US
A moment that changed me: I saw my first total solar eclipse – and its beauty shook me to my core ,2026-05-13T05:45:20Z,https://www.theguardian.com/lifeandstyle/2026/may/13/a-moment-that-changed-me-i-saw-my-first-total-solar-eclipse-and-its-beauty-shook-me-to-my-core,Life and style
The best umbrellas in the UK for staying dry in the wind and rain – tested on a 517m hilltop,2026-05-14T11:06:48Z,https://www.theguardian.com/thefilter/2025/nov/04/best-umbrellas-tested-uk,The Filter
"ScottishPower owes me £1,000 in solar panel payments",2026-07-01T06:00:28Z,https://www.theguardian.com/money/2026/jul/01/scottishpower-solar-panel-payments,Money
Cost to rewire Great Britain’s electricity network could reach £90bn in 2030s,2026-06-30T06:00:42Z,https://www.theguardian.com/business/2026/jun/30/great-britain-electricity-network-90bn-pounds-2030s,Business
The household battery revolution that could change energy bills … and the world ,2026-05-31T00:00:33Z,https://www.theguardian.com/environment/ng-interactive/2026/may/31/cheaper-energy-bills-battery-revolution-climate-crisis,Environment
"Australia’s household energy bills will halve by 2050, modelling suggests",2025-10-12T14:00:57Z,https://www.theguardian.com/australia-news/2025/oct/13/australias-household-energy-bills-will-halve-by-2050-modelling-suggests,Australia news
Energy firms complete UK’s first ‘hydrogen blending’ trial to power grid ,2025-10-12T23:01:05Z,https://www.theguardian.com/business/2025/oct/13/energy-firms-complete-uk-first-hydrogen-blending-trial-power-grid,Business
"Energy bills likely to rise by 20% in next four years, says Britain’s biggest supplier",2025-10-15T18:10:37Z,https://www.theguardian.com/money/2025/oct/15/britain-biggest-energy-supplier-octopus-bills-on-track-to-rise-by-fifth-in-next-four-years,Money
What the datacenter boom means for America’s environment – and electricity bills,2025-10-17T06:00:04Z,https://www.theguardian.com/environment/2025/oct/16/what-the-data-center-boom-means-for-americas-environment-and-electricity-bills,Environment
Electricity from renewables overtakes coal in Australia for the first time,2025-10-12T14:00:56Z,https://www.theguardian.com/news/ng-interactive/2025/oct/13/electricity-from-renewables-overtakes-coal-in-australia-for-the-first-time,News
Energy clubs offer chance to reduce electricity bills by up to 30%,2025-10-18T06:00:40Z,https://www.theguardian.com/money/2025/oct/18/green-energy-clubs-savings-electricity-bills-energy-local-better-deal,Money
Ed Miliband approves UK’s biggest solar farm at Lincolnshire site,2025-10-14T15:25:12Z,https://www.theguardian.com/environment/2025/oct/14/ed-miliband-approves-uk-biggest-solar-farm-at-lincolnshire-site,Environment
Greenpeace threatens to sue crown estate for driving up cost of offshore wind,2025-10-13T13:24:42Z,https://www.theguardian.com/uk-news/2025/oct/13/greenpeace-threatens-to-sue-crown-estate-for-driving-up-cost-of-offshore-wind,Business
Energy bills to rise more than expected for millions of British households,2025-08-27T12:07:47Z,https://www.theguardian.com/money/2025/aug/27/higher-energy-bills-price-cap-rises,Money
"Annual energy bills set to rise £35 in October, Trump slaps 50% tariff on India – as it happened",2025-08-27T14:14:47Z,https://www.theguardian.com/business/live/2025/aug/27/energy-price-cap-rise-trump-tariff-india-business-live-news,Business
What is happening with Australia’s emissions? Electricity is improving. Transport is not,2025-08-25T07:27:21Z,https://www.theguardian.com/australia-news/2025/aug/25/what-is-happening-with-australias-emissions-electricity-is-improving-transport-is-not,Environment
New England states vow to fight Trump administration order to halt work on offshore wind farm that’s nearly complete,2025-08-23T22:46:06Z,https://www.theguardian.com/us-news/2025/aug/23/wind-farm-rhode-island-connecticut,US news
"Solar car teams chase ‘dreams of a more sustainable future’ in gruelling 3,000km race across Australian outback",2025-08-24T02:53:17Z,https://www.theguardian.com/environment/2025/aug/24/solar-car-teams-chase-dreams-of-a-more-sustainable-future-in-gruelling-3000km-race-across-australian-outback,Environment
" Australia could miss clean energy target as solar and wind investment slumps, investors warn",2025-12-01T08:22:30Z,https://www.theguardian.com/environment/2025/dec/01/australia-could-miss-clean-energy-target-as-solar-and-wind-investment-slumps-investors-warn,Environment
Households face higher energy bills as £28bn grid upgrade gets go-ahead,2025-12-04T08:26:25Z,https://www.theguardian.com/money/2025/dec/04/fears-of-higher-energy-bills-as-28bn-grid-upgrade-gets-go-ahead,Money
"UK using more wood to make electricity than ever, Drax figures show",2025-12-03T15:21:20Z,https://www.theguardian.com/business/2025/dec/03/uk-using-more-wood-to-make-electricity-than-ever-drax-figures-show,Business
Datacentres demand huge amounts of electricity. Could they derail Australia’s net zero ambitions?,2025-12-02T14:00:38Z,https://www.theguardian.com/australia-news/2025/dec/03/datacentres-demand-huge-amounts-of-electricity-could-they-derail-australias-net-zero-ambitions,Australia news
Power surge: law changes could soon bring balcony solar to millions across US ,2025-11-30T12:00:05Z,https://www.theguardian.com/us-news/2025/nov/30/balcony-solar-power-states-laws,US news
‘Three sheets to the wind’: how everyday phrases blew in from the sea,2025-12-05T06:00:42Z,https://www.theguardian.com/news/2025/dec/05/weather-watch-everyday-phrases-nautical-expressions-wind-language,News
"Families on rooftops, homes buried by mud: Asia floods show water is overtaking wind as main threat",2025-12-02T19:19:02Z,https://www.theguardian.com/world/2025/dec/02/global-heating-and-other-human-activity-are-making-asias-floods-more-lethal,World news
Trump tariffs and green energy rollbacks push household electricity bills up 10%,2025-08-19T22:12:53Z,https://www.theguardian.com/us-news/2025/aug/19/electricity-bills-increase-trump,US news
Solar panels in space ‘could provide 80% of Europe’s renewable energy by 2050’,2025-08-21T15:00:06Z,https://www.theguardian.com/environment/2025/aug/21/solar-panels-in-space-could-provide-80-of-europes-renewable-energy-by-2050,Environment
A mysterious comet is shooting through our solar system. Why are scientists so excited about 3I/Atlas?,2025-08-18T15:00:52Z,https://www.theguardian.com/environment/2025/aug/19/3i-atlas-comet-interstellar-alien-object-where-size-speed,Environment
Is Trump winning or losing his war on offshore wind power?,2026-02-02T12:30:08Z,https://www.theguardian.com/environment/2026/feb/02/trump-offshore-wind,Environment
Here’s why US household energy bills are soaring – and how to fix it | Mark Wolfe,2026-02-03T15:00:02Z,https://www.theguardian.com/commentisfree/2026/feb/03/us-energy-bills-trump,Opinion
Ukraine war briefing: Kyiv reschedules peace talks as battered power grid strains in -15C,2026-02-02T01:27:43Z,https://www.theguardian.com/world/2026/feb/02/ukraine-war-briefing-kyiv-reschedules-peace-talks-battered-power-grid-strains-cold-snaps,World news
Thailand PM urges working from home amid fears over energy crisis,2026-04-06T11:29:43Z,https://www.theguardian.com/world/2026/apr/06/thailand-pm-calls-for-energy-saving-as-middle-east-conflict-drives-price-surge,World news
Thousands of small UK firms’ energy bills set to more than double due to Iran war ,2026-04-06T10:00:16Z,https://www.theguardian.com/business/2026/apr/06/small-uk-firms-energy-bills-iran-war-heating-oil-fsb,Business
Japan confirms release of more oil reserves as concern over energy crisis grows,2026-04-10T05:50:57Z,https://www.theguardian.com/world/2026/apr/10/japan-sanae-takaichi-release-more-oil-reserves-iran-war,World news
Britain breaks solar energy record twice as UK’s biggest solar farm gets approval,2026-04-08T17:35:59Z,https://www.theguardian.com/environment/2026/apr/08/britain-breaks-solar-energy-record-twice-uk-biggest-solar-farm-springwell-approval,Environment
Starmer implies he didn’t tell Trump he was ‘fed up’ about his impact on rising UK energy bills – as it happened ,2026-04-10T15:30:42Z,https://www.theguardian.com/politics/live/2026/apr/10/starmer-trump-putin-iran-war-farage-reform-latest-news-updates,Politics
Iran’s internet blackout is longest national shutdown since Arab spring,2026-04-06T15:55:06Z,https://www.theguardian.com/technology/2026/apr/06/iran-internet-blackout-is-longest-national-shutdown-since-arab-spring,World news
These enormous wind turbine projects would damage Wales – and all to supply the rest of the UK with energy | Simon Jenkins,2026-04-10T12:16:50Z,https://www.theguardian.com/commentisfree/2026/apr/10/wind-turbine-projects-wales-england-ed-miliband,Opinion
Coalition criticises Labor over electricity prices as Bowen rejects ‘hypocrisy’ – as it happened,2026-07-05T03:15:21Z,https://www.theguardian.com/australia-news/live/2026/jul/05/australia-news-live-albanese-labor-nsw-h5-bird-flu-angus-taylor-liberal-coalition-pauline-hanson-ntwnfb,Australia news
Low-cost loans for solar panels could save households hundreds on bills – thinktanks,2026-07-07T09:00:36Z,https://www.theguardian.com/environment/2026/jul/07/low-cost-loans-for-solar-panels-could-save-households-hundreds-on-bills-thinktanks,Environment
‘Why take those jobs away?’: the unionized workers decrying Trump’s war on wind,2026-07-06T11:00:01Z,https://www.theguardian.com/environment/2026/jul/06/workers-unions-trump-wind-energy,Environment
Why put solar panels on green space when we could put them over car parks?,2026-07-05T13:00:27Z,https://www.theguardian.com/lifeandstyle/2026/jul/05/why-put-solar-panels-on-green-space-when-we-could-put-them-over-car-parks,Life and style
Leftwing militants claim responsibility for arson attack on Berlin power grid,2026-01-04T16:34:52Z,https://www.theguardian.com/world/2026/jan/04/leftwing-militants-responsibility-arson-attack-berlin-power-grid,World news
Iran plunged into internet blackout as protests over economy spread nationwide,2026-01-08T19:42:10Z,https://www.theguardian.com/world/2026/jan/08/iran-plunged-into-internet-blackout-as-protests-over-economy-spread-nationwide,World news
Iranian cultural figures condemn internet blackout as ‘blatant tool of repression’ ,2026-01-10T14:35:33Z,https://www.theguardian.com/global-development/2026/jan/10/film-makers-iran-protest-internet-blackout-repression,World news
‘How is it possible?’: Berliners demand answers after sabotage causes blackout,2026-01-07T16:20:06Z,https://www.theguardian.com/world/2026/jan/07/how-is-it-possible-berliners-demand-answers-after-sabotage-causes-blackout,World news
Berlin mayor faces calls to resign after playing tennis during city blackout,2026-01-08T15:02:25Z,https://www.theguardian.com/world/2026/jan/08/berlin-mayor-kai-wegner-calls-to-resign-playing-tennis-blackout-outage,World news
Amsterdam airport cancels at least 800 flights because of snow and wind,2026-01-07T16:03:50Z,https://www.theguardian.com/world/2026/jan/07/amsterdam-airport-cancels-flights-amid-icy-conditions,World news
Dreams Travel With the Wind review – communing with the spirits to preserve Indigenous culture in Colombia,2026-01-05T07:00:30Z,https://www.theguardian.com/film/2026/jan/05/dreams-travel-with-the-wind-review-communing-with-the-spirits-to-preserve-indigenous-culture-in-colombia,Film
Black Saturday-affected towns told to leave before predicted wind change causes ‘dangerous’ fire conditions – as it happened,2026-01-09T07:10:55Z,https://www.theguardian.com/australia-news/live/2026/jan/09/australia-news-live-victoria-catastrophic-bushfire-fire-ban-heatwave-tropical-cyclone-floods-royal-commission-antisemitism-bondi-anthony-albanese-ntwnfb,Australia news
"Wind power has cut £104bn from UK energy costs since 2010, study finds",2025-10-28T05:00:19Z,https://www.theguardian.com/environment/2025/oct/28/wind-power-cut-uk-energy-costs-ucl-study,Environment
Woman charged after allegedly sabotaging gas supply at two Sydney hospitals,2025-10-28T06:29:04Z,https://www.theguardian.com/australia-news/2025/oct/28/woman-arrested-allegedly-sabotaging-gas-supplies-sydney-hospitals-sutherland,Australia news
Woman denies gas supply sabotage as police investigate death of elderly man at Sutherland hospital,2025-10-29T02:43:43Z,https://www.theguardian.com/australia-news/2025/oct/29/sutherland-hospital-gas-supply-nsw-police-investigating-death-ntwnfb,Australia news
"US electricity bills increased by 11% in Trump’s second term, data shows",2025-10-31T17:49:55Z,https://www.theguardian.com/us-news/2025/oct/31/us-electricity-bills-increased-trump,US news
Experts say Ed Miliband’s £1.1bn for new offshore wind projects not enough,2025-10-27T19:10:54Z,https://www.theguardian.com/environment/2025/oct/27/ed-miliband-1-1bn-a-year-new-offshore-wind-projects,Environment
Would more North Sea drilling mean lower energy prices for UK consumers?,2026-04-01T14:00:01Z,https://www.theguardian.com/business/2026/apr/01/would-more-north-sea-drilling-mean-lower-energy-prices-uk-consumers-explainer,Business
"Energy bills in Great Britain forecast to hit almost £2,000 a year this summer",2026-03-31T14:17:51Z,https://www.theguardian.com/money/2026/mar/31/energy-bills-great-britain-forecast-summer,Money
"No tuition, no grades, no power grid: why are people flocking to a ‘college’ in the middle of the desert?",2026-03-29T15:00:01Z,https://www.theguardian.com/us-news/2026/mar/29/mars-college-california-campus,US news
Energy crisis: why ‘keep calm but cut down’ may be a better message for Labour,2026-04-01T06:00:41Z,https://www.theguardian.com/politics/2026/apr/01/energy-crisis-keep-calm-but-cut-down-better-message-labour,Politics
Families hardest hit by energy crisis could be given funds dispensed by councils in England,2026-03-30T14:46:52Z,https://www.theguardian.com/business/2026/mar/30/families-hardest-hit-energy-crisis-given-funds-dispensed-local-councils,Business
"Drive slower, work from home and ditch the tie: the world responds to Iran war energy crisis",2026-04-02T05:00:17Z,https://www.theguardian.com/environment/2026/apr/02/world-response-iran-war-energy-crisis-oil,Environment
Three affordable ways to keep your house running during a power outage,2025-10-21T19:15:44Z,https://www.theguardian.com/lifeandstyle/2025/oct/21/best-backup-power-supply-sources-blackout,Life and style
Keir Starmer prepares to miss key green target in effort to keep energy bills down,2025-10-22T20:47:52Z,https://www.theguardian.com/politics/2025/oct/22/keir-starmer-green-pledge-2030-energy-bills,Politics
Weatherwatch: Myths behind the capricious god of the north wind,2025-10-23T05:00:59Z,https://www.theguardian.com/news/2025/oct/23/weatherwatch-myths-behind-the-capricious-god-of-the-north-wind-boreas,News
Fears over higher rates as Georgia moves to provide more electricity for AI datacenters,2025-10-19T12:00:13Z,https://www.theguardian.com/us-news/2025/oct/19/georgia-electricity-datacenters,US news
"Two dead at Melbourne beach as wild wind batters state, while parts of Sydney hit by record-breaking heat ",2025-10-22T06:50:51Z,https://www.theguardian.com/environment/2025/oct/22/sydney-weather-nsw-heat-bom-forecast-wind-warnings-australia,Environment
"National insurance hike and energy bills behind food price rise, say UK retailers",2026-01-27T00:01:00Z,https://www.theguardian.com/business/2026/jan/27/national-insurance-hike-and-energy-bills-behind-food-price-rise-say-uk-retailers,Business
Iran appears to ease internet blackout as cost of shutdown mounts,2026-01-28T16:41:32Z,https://www.theguardian.com/world/2026/jan/28/iran-appears-to-ease-internet-blackout,World news
Iran president’s son urges authorities to restore internet after protests blackout,2026-01-25T19:03:53Z,https://www.theguardian.com/world/2026/jan/25/iran-presidents-son-urges-authorities-to-restore-internet-after-protest-blackout,World news
First of its kind ‘high-density’ hydro system begins generating electricity in Devon,2026-01-27T06:00:07Z,https://www.theguardian.com/business/2026/jan/27/high-density-hydropower-system-generating-electricity-devon-renewable-energy-storage,Business
"Knit pants, waterproof boots and more: 20 things to wear to stay warm this winter, tested",2026-01-27T16:17:38Z,https://www.theguardian.com/thefilter-us/2026/jan/27/extreme-cold-warm-winter-clothing,The Filter US
"High energy prices threaten UK’s status as manufacturing power, business groups say",2026-02-22T07:00:32Z,https://www.theguardian.com/business/2026/feb/22/high-energy-prices-threaten-uks-status-as-manufacturing-power-business-groups-say,Business
Democrats urge dropping plan to double gas exports as US energy prices soar,2026-02-26T18:10:23Z,https://www.theguardian.com/us-news/2026/feb/26/democrats-gas-exports-energy-prices,US news
Energy bills will fall by £117 for millions of households in Great Britain from April,2026-02-25T08:31:51Z,https://www.theguardian.com/money/2026/feb/25/energy-bills-fall-households-april-price-cap,Money
Starmer says ‘more to do’ on cost of living despite £117 fall in energy bills from April - as it happened,2026-02-25T15:02:28Z,https://www.theguardian.com/business/live/2026/feb/25/uk-energy-bills-cap-gold-price-markets-economy-obr-business-live-news-updates,Business
"New datacentres risk doubling Great Britain’s electricity use, regulator says",2026-02-23T18:17:28Z,https://www.theguardian.com/technology/2026/feb/23/new-datacentres-risk-doubling-uk-electricity-use-ofgem-peak-demand,Technology
Australia’s most costly anti-climate policy hits taxpayers for $30m a day as calls mount to wind back fuel tax credits | Adam Morton,2026-02-24T14:00:38Z,https://www.theguardian.com/environment/commentisfree/2026/feb/25/australia-fuel-tax-credit-scheme-government-anti-climate-policy-under-pressure,Environment
Lawyers to investigate claims of GB power grid cover-up over blackout risk,2026-07-13T20:00:49Z,https://www.theguardian.com/business/2026/jul/13/lawyers-to-investigate-claims-of-gb-power-grid-cover-up-over-blackout-risk,Business
Andy Burnham considers radical shake-up to cut energy bills,2026-07-18T10:45:01Z,https://www.theguardian.com/money/2026/jul/18/andy-burnham-cut-energy-bills-gas-heat-pumps,Money
"Coalition and One Nation’s plan to ditch net zero would not lower power prices, CSIRO report finds",2026-07-14T14:01:27Z,https://www.theguardian.com/australia-news/2026/jul/15/coalition-and-one-nations-plan-to-ditch-net-zero-would-not-lower-power-prices-csiro-report-finds,Australia news
Britain’s biggest community solar farm forced to shut over grid overload fears,2026-07-12T14:00:20Z,https://www.theguardian.com/environment/2026/jul/12/solar-farm-forced-to-shut-derril-water-biggest-grid-overload-fears,Environment
Readers reply: Why put solar panels on green space when we could put them over car parks?,2026-07-12T13:00:19Z,https://www.theguardian.com/lifeandstyle/2026/jul/12/readers-reply-why-put-solar-panels-on-green-space-when-we-could-put-them-over-car-parks,Life and style
Millions of flat-dwelling Australians are missing out on rooftop solar. Can new incentives bridge the installation gap?,2026-07-18T00:00:42Z,https://www.theguardian.com/australia-news/2026/jul/18/apartments-rooftop-solar-power-energy-divide-renewables-incentives-australia,Australia news
"Run the dishwasher, plug in the car: how Great Britain plans to use record wind and solar power ",2026-04-14T16:44:34Z,https://www.theguardian.com/environment/2026/apr/14/run-dishwasher-plug-car-how-great-britain-plans-use-record-wind-solar-power,Environment
Tory ex-chancellor Jeremy Hunt proposes ‘social tariff’ to help less well-off with energy bills,2026-04-13T09:51:44Z,https://www.theguardian.com/money/2026/apr/13/middle-east-war-uk-households-poorer-this-year-resolution-foundation-thinktank,Money
AI is destroying jobs – and the energy crisis could make that much worse | Larry Elliott,2026-04-16T08:00:52Z,https://www.theguardian.com/commentisfree/2026/apr/16/ai-destroying-jobs-energy-crisis-worse-doomsday-scenario,Opinion
IMF warns ‘unprecedented’ energy crisis could trigger global recession as Australia prepares for Washington talks,2026-04-14T13:00:57Z,https://www.theguardian.com/business/2026/apr/14/imf-world-economic-outlook-energy-crisis-global-recession-australia-fuel,Business
Rachel Reeves to raise windfall tax on low-carbon electricity generators,2026-04-17T17:48:02Z,https://www.theguardian.com/business/2026/apr/17/rachel-reeves-to-raise-windfall-tax-on-low-carbon-electricity-generators,Business
" We lost £3,000 after collapse of Ikea’s solar panel installer ",2026-04-13T06:00:39Z,https://www.theguardian.com/money/2026/apr/13/ikea-solar-panels-soly-collapse-lost-3000,Money
Wasted weekend takes wind out of WSL’s sails … and get ready for more ,2026-04-12T07:00:11Z,https://www.theguardian.com/football/2026/apr/12/wasted-weekend-international-break-womens-super-league-football,Football
The perfect base for a Wind in the Willows weekend: a stylish B&B in the Chilterns,2026-04-14T06:00:01Z,https://www.theguardian.com/travel/2026/apr/14/stylish-b-and-b-chilterns-wind-in-the-willows-oxfordshire-berkshire,Travel
Neo-Nazi leader sentenced to 20 years for plot to attack Maryland’s power grid ,2025-08-08T05:01:20Z,https://www.theguardian.com/us-news/2025/aug/08/neo-nazi-leader-sentenced-to-20-years-for-plot-to-attack-marylands-power-grid,US news
Can bears swing upside down and what colour is electricity? The kids’ quiz,2025-08-02T06:00:04Z,https://www.theguardian.com/lifeandstyle/2025/aug/02/can-bears-swing-upside-down-and-what-colour-is-electricity-the-kids-quiz,Life and style
"Scrapping North Sea windfall tax would not reduce UK energy bills, say experts",2026-03-10T09:39:09Z,https://www.theguardian.com/business/2026/mar/10/north-sea-windfall-tax-rachel-reeves-uk-energy-bills-experts,Environment
UK energy prices are soaring – and propagandists want to sell you a false reason why | George Monbiot,2026-03-13T06:00:43Z,https://www.theguardian.com/commentisfree/2026/mar/13/uk-energy-prices-soaring-war-iran-fossil-fuel-north-sea,Opinion
How are EU and member states reacting to energy crisis triggered by Iran war?,2026-03-10T16:46:30Z,https://www.theguardian.com/world/2026/mar/10/how-eu-member-states-reacting-energy-crisis-iran-war,World news
Asia scrambles to confront energy crisis unleashed by Iran war – with no end in sight,2026-03-12T03:40:56Z,https://www.theguardian.com/world/2026/mar/12/asia-energy-crisis-iran-war,World news
Ukraine war briefing: Putin envoy says US better understands importance of Russian oil amid energy crisis,2026-03-13T01:29:13Z,https://www.theguardian.com/world/2026/mar/13/ukraine-war-briefing-putin-envoy-says-us-better-understands-importance-of-russian-oil-amid-energy-crisis,World news
Elon Musk’s Tesla given go-ahead to supply electricity in Great Britain,2026-03-12T09:17:28Z,https://www.theguardian.com/technology/2026/mar/12/elon-musk-tesla-given-go-ahead-to-supply-electricity-in-great-britain,Technology
Alba party to wind up and not contest Scottish election,2026-03-08T20:28:35Z,https://www.theguardian.com/politics/2026/mar/08/alba-party-to-wind-up-and-not-contest-scottish-election,Politics
"Morning Mail: five Iranian footballers granted humanitarian visas, Hanson secured solar rebate, Wallabies get boost",2026-03-09T21:07:45Z,https://www.theguardian.com/australia-news/2026/mar/10/morning-mail-tuesday-ntwnfb,Australia news
Pauline Hanson secured government solar rebate despite calling for subsidies to large-scale renewables to end ,2026-03-09T14:00:52Z,https://www.theguardian.com/australia-news/2026/mar/09/pauline-hanson-renewables-solar-power-rebate,Australia news
Labour still faces risks on energy despite ‘record’ wind power auction | Nils Pratley,2026-01-14T16:44:33Z,https://www.theguardian.com/business/2026/jan/14/labour-wind-power-risks-clean-power-great-britain,Business
Will Great Britain’s offshore wind subsidy auction mean lower energy bills?,2026-01-14T13:43:12Z,https://www.theguardian.com/business/2026/jan/14/will-great-britains-offshore-wind-subsidy-auction-mean-lower-energy-bills,Business
"With this record wind power auction, we’ve proved the rightwing doubters wrong | Ed Miliband",2026-01-14T09:30:53Z,https://www.theguardian.com/commentisfree/2026/jan/14/record-wind-power-auction-rightwing-doubters-britain-energy-fossil-fuels-ed-miliband,Opinion
Ukraine war briefing: Kyiv struggles to stabilise ruined power grid after major Russian attack,2026-01-11T02:38:19Z,https://www.theguardian.com/world/2026/jan/11/ukraine-war-briefing-kyiv-struggles-to-stablise-ruined-power-grid-after-major-russian-attack,World news
"Elon Musk’s xAI datacenter generating extra electricity illegally, regulator rules",2026-01-16T00:09:42Z,https://www.theguardian.com/technology/2026/jan/15/elon-musk-xai-datacenter-memphis,Technology
Trump says Microsoft will pay more for its datacenters’ electricity,2026-01-13T22:09:02Z,https://www.theguardian.com/technology/2026/jan/13/trump-microsoft-data-centers-electricity,Technology
"Solar grazing: ‘triple-win’ for sheep farmers, renewables and society or just a PR exercise for energy companies?",2026-01-14T10:52:22Z,https://www.theguardian.com/environment/2026/jan/14/solar-grazing-triple-win-sheep-farmers-renewables-energy-companies,Environment
Household energy bills in Great Britain forecast to fall by £117 a year,2026-02-18T14:13:26Z,https://www.theguardian.com/money/2026/feb/18/household-energy-bills-in-great-britain-forecast-to-fall,Money
The Boy Who Harnessed the Wind review – Malawian boy’s amazing famine-beating creation inspires a rousing musical,2026-02-20T15:04:32Z,https://www.theguardian.com/stage/2026/feb/20/the-boy-who-harnessed-the-wind-review-malawi-swan-theatre-stratford-upon-avon-william-kamkwamba,Stage
‘He was angry’: India admit wind-up strategy to disrupt Joe Root’s batting,2025-08-01T20:27:18Z,https://www.theguardian.com/sport/2025/aug/01/he-was-angry-india-admit-wind-up-strategy-to-disrupt-roots-batting,Sport
Starmer defends investment in wind turbines after Trump wrongly claims it is ‘most expensive form of energy’ – as it happened,2025-07-28T17:52:00Z,https://www.theguardian.com/politics/live/2025/jul/28/starmer-trump-meeting-gaza-trade-palestine-latest-live-uk-politics-updates-news,Politics
Elon Musk’s Tesla applies to supply electricity to households in Great Britain,2025-08-10T15:35:25Z,https://www.theguardian.com/technology/2025/aug/10/elon-musk-tesla-applies-to-supply-electricity-to-households-in-great-britain,Technology
Millions of litres of oil seeping into UK soil from ageing electricity cables,2025-08-13T11:50:57Z,https://www.theguardian.com/environment/2025/aug/13/uk-electricity-firms-cables-leaking-oil-underground,Environment
Wind generator Ørsted blames Trump as shares sink to all-time low,2025-08-11T11:46:24Z,https://www.theguardian.com/environment/2025/aug/11/orsted-wind-generator-shares-sink-9bn-cash-call,Business
"No electricity, no toilet, no running water – heaven! Celebrating 60 years of the Mountain Bothies Association",2025-08-13T06:00:42Z,https://www.theguardian.com/travel/2025/aug/13/mountain-bothies-association-60-year-anniversary-lake-district,Travel
Scottish pupil named a Time magazine girl of the year for solar-powered blanket design,2025-08-14T16:27:42Z,https://www.theguardian.com/uk-news/2025/aug/14/scottish-pupil-named-girl-of-the-year-for-solar-powered-blanket-design,UK news
Which way will the wind blow? Decision day looms for planned windfarm on Tasmania’s Robbins Island ,2025-08-15T15:00:37Z,https://www.theguardian.com/australia-news/2025/aug/16/windfarm-proposal-robbins-island-tasmania,Australia news
What will Andy Burnham’s VAT cut on electricity bills mean for you?,2026-07-21T13:24:58Z,https://www.theguardian.com/money/2026/jul/21/what-will-andy-burnhams-vat-cut-on-energy-bills-mean-for-you,Money
Andy Burnham to cut VAT on electricity bills as first cost of living move,2026-07-21T07:49:32Z,https://www.theguardian.com/politics/2026/jul/21/burnham-announces-plans-to-cut-vat-on-electricity-bills-as-first-cost-of-living-move,Politics
"‘No electricity, no water, no fuel’: Ukrainian drone strikes bring darkness to Crimea’s summer",2026-07-21T11:00:44Z,https://www.theguardian.com/world/2026/jul/21/no-electricity-no-water-no-fuel-ukrainian-drone-strikes-bring-darkness-to-crimeas-summer,World news
UK households free to install plug-in balcony solar panels from end of August,2026-07-23T13:00:44Z,https://www.theguardian.com/money/2026/jul/23/uk-households-free-install-plug-in-balcony-solar-panels,Money
Total solar eclipse books out hotels two years in advance in New Zealand city,2026-07-23T04:59:08Z,https://www.theguardian.com/world/2026/jul/23/total-solar-eclipse-new-zealand-2028-dunedin,World news
I am used to hot days now. But the warm wind has really panicked me | Adrian Chiles,2026-07-23T10:00:41Z,https://www.theguardian.com/commentisfree/2026/jul/23/i-am-used-to-hot-days-now-but-the-warm-wind-has-really-panicked-me,Opinion
EU plans to cut electricity taxes to shield households from Iran war energy crisis,2026-04-22T12:48:36Z,https://www.theguardian.com/environment/2026/apr/22/eu-plans-cut-electricity-taxes-shield-households-iran-war-energy-crisis,Environment
Britain should look to biomethane to expand gas supply | Letter,2026-04-21T16:28:54Z,https://www.theguardian.com/environment/2026/apr/21/britain-should-look-to-biomethane-to-expand-gas-supply,Environment
Miliband’s ‘break the link’ plan is not a magic formula for lowering energy bills,2026-04-21T17:45:45Z,https://www.theguardian.com/money/nils-pratley-on-finance/2026/apr/21/milibands-break-the-link-plan-is-not-a-magic-formula-for-lowering-energy-bills,Business
Clean energy generation exceeded rise in global electricity demand in 2025,2026-04-20T23:01:08Z,https://www.theguardian.com/environment/2026/apr/21/clean-energy-generation-exceeded-rise-global-electricity-demand-2025,Environment
Electricity generators threatened with higher windfall taxes in bid to ensure stable prices,2026-04-20T23:01:08Z,https://www.theguardian.com/environment/2026/apr/21/uk-shifts-older-wind-and-solar-farms-to-fixed-price-deals-to-reduce-price-shocks,Business
Why are UK electricity prices linked to gas – and what does it mean for bills?,2026-04-21T16:18:11Z,https://www.theguardian.com/money/2026/apr/21/uk-electricity-prices-gas-energy-bills,Money
"Elaine Luria, January 6 panel member seeking political comeback, says ‘the wind is on our back’ as Democrats try to flip House",2026-04-20T10:00:53Z,https://www.theguardian.com/us-news/2026/apr/20/elaine-luria-virginia-house-democrats-midterms,US news
Energy bills could rise by £160 after Iran conflict pushes gas prices higher,2026-03-04T17:46:11Z,https://www.theguardian.com/money/2026/mar/04/iran-conflict-energy-bills-gas-prices,Money
Australian energy bills could surge as Iran conflict drives up global gas prices,2026-03-03T14:00:05Z,https://www.theguardian.com/australia-news/2026/mar/03/oil-gas-lng-prices-iran-war-middle-east-conflict-bills-australia-ntwnfb,Australia news
"How will datacentres affect Australia’s power prices, water supply and emissions? ",2026-03-01T14:00:45Z,https://www.theguardian.com/environment/2026/mar/02/datacentres-australia-power-prices-water-supply-emissions,Environment
Iran war briefing: US lets India buy Russian oil after energy prices jump,2026-03-06T23:33:57Z,https://www.theguardian.com/world/2026/mar/06/iran-war-us-india-russian-oil-prices-jump-israel-strikes-hezbollah-news-updates,World news
"UK motor fuel prices rise since Middle East conflict began, and energy bills could jump 10% in July – as it happened",2026-03-04T16:05:26Z,https://www.theguardian.com/business/live/2026/mar/04/war-middle-east-uk-living-standards-growth-markets-energy-shock-live-news-updates,Business
"Iran’s internet blackout could worsen human toll of war, say rights groups",2026-03-05T16:00:10Z,https://www.theguardian.com/global-development/2026/mar/05/iran-internet-blackout-human-toll-war-rights-groups,Global development
"Internet blackout is tool of desperate regime to isolate Iranians, say experts",2026-03-02T17:44:25Z,https://www.theguardian.com/world/2026/mar/02/internet-blackout-regime-iranians-experts-digital-censorship,World news
Channel tunnel power outage disrupts thousands of journeys ,2025-12-30T18:13:42Z,https://www.theguardian.com/business/2025/dec/30/eurostar-trains-cancelled-delayed-channel-tunnel-le-shuttle,Business
From energy prices to interest rates: the dates that could affect your finances in 2026,2026-01-01T06:00:32Z,https://www.theguardian.com/money/2026/jan/01/from-energy-prices-to-interest-rates-the-dates-that-could-affect-your-finances-in-2026,Money
Weather tracker: Cyclone Hayley brings intense wind and rain to Australia,2026-01-02T11:54:24Z,https://www.theguardian.com/environment/2026/jan/02/weather-tracker-cyclone-hayley-australia-spain-floods,Australia news
Poem of the week: The Man in the Wind by Anne Stevenson,2025-12-29T10:35:12Z,https://www.theguardian.com/books/2025/dec/29/poem-of-the-week-the-man-in-the-wind-by-anne-stevenson,Books
Weather tracker: Polar wind set to end warmth in US south and midwest,2025-12-29T09:47:14Z,https://www.theguardian.com/environment/2025/dec/29/weather-tracker-polar-wind-set-to-end-warmth-in-us-south-and-midwest,Environment
"Cut your energy bills by a third? No, these ‘energy-saving plugs’ will cause nothing but hassle",2025-10-05T06:00:28Z,https://www.theguardian.com/money/2025/oct/05/cut-your-energy-bills-by-a-third-no-these-energy-saving-plugs-will-cause-nothing-but-hassle,Money
‘Massive’ Russian attack on Ukraine capital causes widespread blackout,2025-10-10T10:01:56Z,https://www.theguardian.com/world/2025/oct/10/russian-attack-kyiv-ukraine-capital-blackouts-sets-high-rise-alight,World news
Trump officials cancel major solar project in latest hit to renewable energy,2025-10-10T19:25:17Z,https://www.theguardian.com/us-news/2025/oct/10/trump-officials-drop-major-solar-power-project-in-another-renewable-energy-attack,US news
"OpenAI throws caution to the wind, and a year of covering Elon Musk",2025-10-07T16:12:43Z,https://www.theguardian.com/technology/2025/oct/06/openai-meta-elon-musk-techscape,Technology
"Širom: In the Wind of Night, Hard-Fallen Incantations Whisper review | Jude Rogers' folk album of the month",2025-10-10T08:00:48Z,https://www.theguardian.com/music/2025/oct/10/sirom-in-the-wind-of-night-hard-fallen-incantations-whisper-review,Music
3/I Atlas: a rare comet from beyond our solar system is being closely tracked – what can it teach us?,2025-10-08T10:11:18Z,https://www.theguardian.com/science/2025/oct/08/a-rare-comet-from-beyond-our-solar-system-is-being-closely-tracked-what-can-it-teach-us,Science
