date,price,region
2025-07-27,85.67539675528681,UK
2025-07-28,79.97983663774865,UK
2025-07-29,86.49024325888603,UK
2025-07-30,82.87188471268288,UK
2025-07-31,82.99170263142696,UK
2025-08-01,77.95523834378783,UK
2025-08-02,52.79992279827252,UK
2025-08-03,48.35310794521938,UK
2025-08-04,25.21677224495089,UK
2025-08-05,25.776178358781717,UK
2025-08-06,61.90624512956511,UK
2025-08-07,51.88018032260653,UK
2025-08-08,64.49617610823154,UK
2025-08-09,44.7301456845011,UK
2025-08-10,76.63471990866884,UK
2025-08-11,91.46913531675338,UK
2025-08-12,93.37968529950898,UK
2025-08-13,88.88440765108736,UK
2025-08-14,83.2708426935261,UK
2025-08-15,78.97907900507091,UK
2025-08-16,86.02880406489234,UK
2025-08-17,75.67468323461794,UK
2025-08-18,90.73146873116801,UK
2025-08-19,78.13869152384738,UK
2025-08-20,93.15776715021084,UK
2025-08-21,78.12407999339639,UK
2025-08-22,87.98927748978454,UK
2025-08-23,84.87973683781055,UK
2025-08-24,86.1171781507412,UK
2025-08-25,75.99386983867936,UK
2025-08-26,101.25054545989137,UK
2025-08-27,81.17274660311381,UK
2025-08-28,79.48261852442394,UK
2025-08-29,87.65767578516852,UK
2025-08-30,31.440870274912,UK
2025-08-31,31.092648977279975,UK
2025-09-01,53.18401760201501,UK
2025-09-02,81.24962835001709,UK
2025-09-03,89.38219969838309,UK
2025-09-04,79.8874305836944,UK
2025-09-05,83.6944449056656,UK
2025-09-06,17.963584322665866,UK
2025-09-07,32.16191866981649,UK
2025-09-08,119.0772724710592,UK
2025-09-09,85.29707768970063,UK
2025-09-10,54.465588268944096,UK
2025-09-11,22.501486314706234,UK
2025-09-12,27.969259096908363,UK
2025-09-13,39.16946196399398,UK
2025-09-14,75.89572454003836,UK
2025-09-15,29.20471563534469,UK
2025-09-16,36.845584498849384,UK
2025-09-17,58.32219399649195,UK
2025-09-18,69.33953343521095,UK
2025-09-19,75.05568134658995,UK
2025-09-20,61.49718546491678,UK
2025-09-21,37.437005975088184,UK
2025-09-22,78.45462273175353,UK
2025-09-23,93.1761438414761,UK
2025-09-24,86.90543003097281,UK
2025-09-25,90.21246091686704,UK
2025-09-26,83.02343916273212,UK
2025-09-27,80.69613695194545,UK
2025-09-28,92.09392709514648,UK
2025-09-29,90.17816605698133,UK
2025-09-30,85.81339664909163,UK
2025-10-01,82.7554543782147,UK
2025-10-02,74.64987423611629,UK
2025-10-03,56.61074407201598,UK
2025-10-04,8.831058757777521,UK
2025-10-05,33.26097089950599,UK
2025-10-06,83.9484072140394,UK
2025-10-07,91.05719775406854,UK
2025-10-08,90.17301118733201,UK
2025-10-09,93.73902562831005,UK
2025-10-10,89.16611161116481,UK
2025-10-11,94.82188192374146,UK
2025-10-12,98.86180153663024,UK
2025-10-13,137.76005139158232,UK
2025-10-14,106.6659171233194,UK
2025-10-15,102.71086455887132,UK
2025-10-16,90.29975103279348,UK
2025-10-17,91.87636688521741,UK
2025-10-18,85.3078515719671,UK
2025-10-19,64.82638523373696,UK
2025-10-20,79.3256374774337,UK
2025-10-21,80.07656181045368,UK
2025-10-22,113.69221742175492,UK
2025-10-23,69.58030614590749,UK
2025-10-24,44.03274793043422,UK
2025-10-25,25.608363965881672,UK
2025-10-26,31.427961436728644,UK
2025-10-27,61.54744933643134,UK
2025-10-28,52.12937976839581,UK
2025-10-29,73.43032316932977,UK
2025-10-30,73.16063632945996,UK
2025-10-31,63.35911772365475,UK
2025-11-01,45.90116727327643,UK
2025-11-02,75.89090780883124,UK
2025-11-03,49.40801961133708,UK
2025-11-04,71.25648611115534,UK
2025-11-05,80.10376968156645,UK
2025-11-06,90.20796185650359,UK
2025-11-07,86.21757166470654,UK
2025-11-08,79.81784763170654,UK
2025-11-09,80.00141119304877,UK
2025-11-10,73.8079319855149,UK
2025-11-11,72.62681668222054,UK
2025-11-12,57.06737990269913,UK
2025-11-13,59.917900452672036,UK
2025-11-14,74.66604820197433,UK
2025-11-15,75.90858626005685,UK
2025-11-16,86.75104537835733,UK
2025-11-17,90.4397801896117,UK
2025-11-18,85.40318193767979,UK
2025-11-19,89.65876209401067,UK
2025-11-20,110.35685804307953,UK
2025-11-21,116.56391045506953,UK
2025-11-22,78.97988034861609,UK
2025-11-23,73.75005472931029,UK
2025-11-24,87.0666617737298,UK
2025-11-25,99.38973449777028,UK
2025-11-26,88.49001637424803,UK
2025-11-27,67.25448447408763,UK
2025-11-28,77.92325214136255,UK
2025-11-29,67.3620440398406,UK
2025-11-30,68.53131232099146,UK
2025-12-01,74.33194826790806,UK
2025-12-02,86.80215989004785,UK
2025-12-03,91.26473639906263,UK
2025-12-04,79.72431218980653,UK
2025-12-05,76.40682790025657,UK
2025-12-06,73.00843158717434,UK
2025-12-07,69.26152920609663,UK
2025-12-08,68.47743948628363,UK
2025-12-09,70.17338521771337,UK
2025-12-10,57.86476893583574,UK
2025-12-11,69.81474265572518,UK
2025-12-12,82.27565996380794,UK
2025-12-13,75.81971754098308,UK
2025-12-14,54.03929056394699,UK
2025-12-15,81.48717877408106,UK
2025-12-16,88.86273208162564,UK
2025-12-17,78.1529318058184,UK
2025-12-18,63.81318826583011,UK
2025-12-19,64.17921153277014,UK
2025-12-20,88.4724627766252,UK
2025-12-21,79.23964063670626,UK
2025-12-22,72.15186102427514,UK
2025-12-23,76.84336815337845,UK
2025-12-24,72.94986489554114,UK
2025-12-25,80.75708959969975,UK
2025-12-26,82.94742565104464,UK
2025-12-27,71.94287504206532,UK
2025-12-28,83.81704784106061,UK
2025-12-29,86.9106062621273,UK
2025-12-30,88.72092782401766,UK
2025-12-31,74.2232918419509,UK
2026-01-01,52.52881973945185,UK
2026-01-02,81.34707343355424,UK
2026-01-03,82.98654962396745,UK
2026-01-04,90.5847354189797,UK
2026-01-05,136.17099216987052,UK
2026-01-06,159.1622334314741,UK
2026-01-07,80.61675556923248,UK
2026-01-08,170.4437315924901,UK
2026-01-09,88.48287103085211,UK
2026-01-10,84.19415154686617,UK
2026-01-11,80.86318771607161,UK
2026-01-12,87.72666614273628,UK
2026-01-13,92.77018946201785,UK
2026-01-14,93.91640561026803,UK
2026-01-15,101.49973669800323,UK
2026-01-16,104.12043745098782,UK
2026-01-17,104.02888956722322,UK
2026-01-18,104.30078462349934,UK
2026-01-19,105.92099989611026,UK
2026-01-20,89.48150778525314,UK
2026-01-21,96.1532376905656,UK
2026-01-22,101.20865212254738,UK
2026-01-23,96.76531342453761,UK
2026-01-24,91.74266754526369,UK
2026-01-25,98.96019594406452,UK
2026-01-26,109.06658905607947,UK
2026-01-27,99.33669673061986,UK
2026-01-28,115.09549124420315,UK
2026-01-29,120.13135826063196,UK
2026-01-30,96.98113445099351,UK
2026-01-31,96.72781010227952,UK
2026-02-01,103.24482412392703,UK
2026-02-02,95.84400648204004,UK
2026-02-03,89.5000927254742,UK
2026-02-04,94.13726107059604,UK
2026-02-05,85.31880716957231,UK
2026-02-06,94.721192016228,UK
2026-02-07,89.94174342179329,UK
2026-02-08,84.92434553552721,UK
2026-02-09,93.45668605551586,UK
2026-02-10,82.38972914885528,UK
2026-02-11,83.11403870464773,UK
2026-02-12,78.70653828709803,UK
2026-02-13,82.46547462631662,UK
2026-02-14,86.16623406181427,UK
2026-02-15,80.47149659867054,UK
2026-02-16,78.2578692124369,UK
2026-02-17,81.0907287094441,UK
2026-02-18,71.46711577025944,UK
2026-02-19,98.06000722271696,UK
2026-02-20,76.63846486731133,UK
2026-02-21,73.86210532683833,UK
2026-02-22,47.953232187876914,UK
2026-02-23,69.1627465622564,UK
2026-02-24,83.3527274609434,UK
2026-02-25,76.5273664538417,UK
2026-02-26,50.115803757186825,UK
2026-02-27,75.8937991264896,UK
2026-02-28,78.94922447924564,UK
2026-03-01,45.06284699450242,UK
2026-03-02,78.08362711651563,UK
2026-03-03,120.3791802932983,UK
2026-03-04,122.86285319559329,UK
2026-03-05,110.12794625775506,UK
2026-03-06,115.78602815496689,UK
2026-03-07,129.7138099665392,UK
2026-03-08,129.21042018827464,UK
2026-03-09,136.53193842309207,UK
2026-03-10,89.9224528635356,UK
2026-03-11,58.368907417551796,UK
2026-03-12,89.76914132163432,UK
2026-03-13,86.29203134160487,UK
2026-03-14,111.15410861390995,UK
2026-03-15,49.80095549216327,UK
2026-03-16,107.39836406345881,UK
2026-03-17,82.8272522516219,UK
2026-03-18,109.74954396865697,UK
2026-03-19,121.54069963685704,UK
2026-03-20,125.88185739612241,UK
2026-03-21,125.90059371790586,UK
2026-03-22,127.46876517375732,UK
2026-03-23,123.73384268537433,UK
2026-03-24,60.15146748174203,UK
2026-03-25,43.14347731375891,UK
2026-03-26,120.53110675184568,UK
2026-03-27,99.07743778899406,UK
2026-03-28,57.254232263440585,UK
2026-03-29,48.88049175181803,UK
2026-03-30,69.04146069755036,UK
2026-03-31,116.42192426454857,UK
2026-04-01,114.88507239441886,UK
2026-04-02,103.01912084127555,UK
2026-04-03,43.76988038011985,UK
2026-04-04,57.875903805679194,UK
2026-04-05,22.72714370092665,UK
2026-04-06,66.23623745664386,UK
2026-04-07,51.81826670950809,UK
2026-04-08,105.99417198795862,UK
2026-04-09,101.15648238381758,UK
2026-04-10,89.40887356200041,UK
2026-04-11,4.773173543276051,UK
2026-04-12,59.4965598597672,UK
2026-04-13,118.62615879138781,UK
2026-04-14,98.88842906822687,UK
2026-04-15,84.94765019539145,UK
2026-04-16,92.55593457351084,UK
2026-04-17,74.69053942603145,UK
2026-04-18,73.55892040793586,UK
2026-04-19,90.8504598500742,UK
2026-04-20,97.67188110340098,UK
2026-04-21,81.03149996367613,UK
2026-04-22,55.2508908032099,UK
2026-04-23,107.91380045162593,UK
2026-04-24,106.00440168465903,UK
2026-04-25,101.53050728281534,UK
2026-04-26,98.34732501308207,UK
2026-04-27,95.9488481059782,UK
2026-04-28,96.8338219644463,UK
2026-04-29,70.03482177049878,UK
2026-04-30,47.691852819097384,UK
2026-05-01,111.3573959879578,UK
2026-05-02,102.45599093270809,UK
2026-05-03,105.69388652953671,UK
2026-05-04,112.41048728631195,UK
2026-05-05,116.05507143052881,UK
2026-05-06,104.15512691041567,UK
2026-05-07,124.80424731122822,UK
2026-05-08,109.80882474903234,UK
2026-05-09,99.97917998954182,UK
2026-05-10,63.9917723599174,UK
2026-05-11,105.40517195810625,UK
2026-05-12,101.13837851664067,UK
2026-05-13,119.48068461924353,UK
2026-05-14,101.03315168936201,UK
2026-05-15,110.0016783414936,UK
2026-05-16,110.0486167605259,UK
2026-05-17,102.31326211047562,UK
2026-05-18,116.34840695889699,UK
2026-05-19,96.87165160786239,UK
2026-05-20,113.17621959639754,UK
2026-05-21,108.5117371322003,UK
2026-05-22,107.27317016923138,UK
2026-05-23,111.19944862644027,UK
2026-05-24,93.76023656709822,UK
2026-05-25,110.37948114201274,UK
2026-05-26,126.01883645947923,UK
2026-05-27,101.62853741460754,UK
2026-05-28,73.31495349174222,UK
2026-05-29,98.61371473369982,UK
2026-05-30,107.44738408630799,UK
2026-05-31,104.36528025297801,UK
2026-06-01,110.02967442655994,UK
2026-06-02,114.51196074715473,UK
2026-06-03,89.0182018338945,UK
2026-06-04,42.02277066697243,UK
2026-06-05,99.77591002149204,UK
2026-06-06,78.41928230183443,UK
2026-06-07,39.78312003442584,UK
2026-06-08,108.17605039690325,UK
2026-06-09,94.19362114235786,UK
2026-06-10,111.82523228025244,UK
2026-06-11,114.07679760671968,UK
2026-06-12,72.2436042043544,UK
2026-06-13,24.834422110812866,UK
2026-06-14,50.958915544321236,UK
2026-06-15,104.67303593827646,UK
2026-06-16,108.40321492797862,UK
2026-06-17,109.3389421261642,UK
2026-06-18,108.05165623711592,UK
2026-06-19,88.86878795994276,UK
2026-06-20,111.72668931246886,UK
2026-06-21,108.37675400362409,UK
2026-06-22,116.53040820889608,UK
2026-06-23,211.31859877754138,UK
2026-06-24,136.75090517168832,UK
2026-06-25,103.95429112920516,UK
2026-06-26,111.9904958143293,UK
2026-06-27,81.36665844243838,UK
2026-06-28,60.98996355342614,UK
2026-06-29,114.24700527533533,UK
2026-06-30,111.03577810908975,UK
2026-07-01,105.64986679071679,UK
2026-07-02,45.09019747383493,UK
2026-07-03,106.91099176131577,UK
2026-07-04,44.0681173186352,UK
2026-07-05,98.29898728837105,UK
2026-07-06,65.69122358151661,UK
2026-07-07,100.64704710317935,UK
2026-07-08,120.73142121028845,UK
2026-07-09,124.44373152841207,UK
2026-07-10,122.41984887734527,UK
2026-07-11,113.91271711199794,UK
2026-07-12,67.5143276971506,UK
2026-07-13,109.90329394288274,UK
2026-07-14,120.69697944538497,UK
2026-07-15,119.62634580291036,UK
2026-07-16,129.77563099334827,UK
2026-07-17,120.21785188146885,UK
2026-07-18,111.48237378722787,UK
2026-07-19,76.49430882739632,UK
2026-07-20,121.93818954476272,UK
2026-07-21,138.06909444629474,UK
2026-07-22,140.93433372841508,UK
2026-07-23,125.45126506419334,UK
2026-07-24,115.77398414677732,UK
2026-07-25,69.57103591510436,UK
2026-07-26,55.64999970922142,UK
2026-07-27,119.94288239423136,UK
2025-07-26,102.055,Germany
2025-07-27,78.7925,Germany
2025-07-28,93.36083333333333,Germany
2025-07-29,77.54375,Germany
2025-07-30,75.33749999999999,Germany
2025-07-31,86.88916666666667,Germany
2025-08-01,93.22958333333334,Germany
2025-08-02,65.38958333333333,Germany
2025-08-03,41.76958333333334,Germany
2025-08-04,58.69625,Germany
2025-08-05,40.139583333333334,Germany
2025-08-06,64.42791666666666,Germany
2025-08-07,71.32416666666667,Germany
2025-08-08,76.95208333333333,Germany
2025-08-09,59.99,Germany
2025-08-10,47.79333333333333,Germany
2025-08-11,84.09833333333333,Germany
2025-08-12,85.08,Germany
2025-08-13,100.01458333333333,Germany
2025-08-14,105.41416666666667,Germany
2025-08-15,73.13375,Germany
2025-08-16,60.49916666666667,Germany
2025-08-17,64.15375,Germany
2025-08-18,92.2275,Germany
2025-08-19,82.18083333333334,Germany
2025-08-20,90.83916666666666,Germany
2025-08-21,92.03541666666666,Germany
2025-08-22,74.24374999999999,Germany
2025-08-23,68.33291666666666,Germany
2025-08-24,62.49916666666667,Germany
2025-08-25,90.08749999999999,Germany
2025-08-26,98.96958333333333,Germany
2025-08-27,104.72291666666666,Germany
2025-08-28,115.02666666666666,Germany
2025-08-29,94.57208333333334,Germany
2025-08-30,69.72375,Germany
2025-08-31,57.53333333333333,Germany
2025-09-01,102.27833333333332,Germany
2025-09-02,122.2075,Germany
2025-09-03,59.479166666666664,Germany
2025-09-04,93.52833333333332,Germany
2025-09-05,100.77,Germany
2025-09-06,74.31833333333333,Germany
2025-09-07,41.740833333333335,Germany
2025-09-08,126.12791666666668,Germany
2025-09-09,141.92125000000001,Germany
2025-09-10,124.24291666666666,Germany
2025-09-11,67.71583333333334,Germany
2025-09-12,57.98791666666667,Germany
2025-09-13,61.14875,Germany
2025-09-14,65.91541666666667,Germany
2025-09-15,7.832083333333333,Germany
2025-09-16,25.12125,Germany
2025-09-17,73.97166666666666,Germany
2025-09-18,67.61125,Germany
2025-09-19,97.25583333333333,Germany
2025-09-20,52.31583333333333,Germany
2025-09-21,38.8075,Germany
2025-09-22,97.81666666666666,Germany
2025-09-23,102.52041666666668,Germany
2025-09-24,78.2725,Germany
2025-09-25,82.24916666666667,Germany
2025-09-26,95.57625,Germany
2025-09-27,93.825,Germany
2025-09-28,86.63458333333334,Germany
2025-09-29,131.39124999999999,Germany
2025-09-30,125.99533333333333,Germany
2025-10-01,116.61145833333335,Germany
2025-10-02,102.04031249999998,Germany
2025-10-03,59.99645833333333,Germany
2025-10-04,-0.4105208333333333,Germany
2025-10-05,3.1057291666666664,Germany
2025-10-06,92.9853125,Germany
2025-10-07,137.4415625,Germany
2025-10-08,117.90489583333334,Germany
2025-10-09,104.20927083333333,Germany
2025-10-10,96.77677083333333,Germany
2025-10-11,90.96385416666668,Germany
2025-10-12,88.99510416666668,Germany
2025-10-13,140.2371875,Germany
2025-10-14,156.7671875,Germany
2025-10-15,143.50145833333332,Germany
2025-10-16,100.10479166666666,Germany
2025-10-17,104.73958333333333,Germany
2025-10-18,95.5503125,Germany
2025-10-19,73.44166666666666,Germany
2025-10-20,81.06760416666667,Germany
2025-10-21,70.72520833333333,Germany
2025-10-22,126.10281250000001,Germany
2025-10-23,74.94114583333334,Germany
2025-10-24,31.516041666666666,Germany
2025-10-25,11.404583333333333,Germany
2025-10-26,6.456458333333334,Germany
2025-10-27,70.18354166666667,Germany
2025-10-28,67.286875,Germany
2025-10-29,88.40395833333334,Germany
2025-10-30,69.93145833333334,Germany
2025-10-31,91.86677083333335,Germany
2025-11-01,48.03010416666667,Germany
2025-11-02,86.66864583333334,Germany
2025-11-03,75.54833333333333,Germany
2025-11-04,76.08677083333333,Germany
2025-11-05,94.09604166666666,Germany
2025-11-06,106.07739583333334,Germany
2025-11-07,111.06927083333333,Germany
2025-11-08,106.45708333333333,Germany
2025-11-09,98.6978125,Germany
2025-11-10,109.64718749999999,Germany
2025-11-11,96.54510416666666,Germany
2025-11-12,78.57125,Germany
2025-11-13,72.57645833333333,Germany
2025-11-14,105.85541666666667,Germany
2025-11-15,91.38697916666666,Germany
2025-11-16,101.20885416666665,Germany
2025-11-17,94.57260416666666,Germany
2025-11-18,102.06906249999999,Germany
2025-11-19,102.66979166666665,Germany
2025-11-20,126.44156249999999,Germany
2025-11-21,146.51114583333333,Germany
2025-11-22,90.38416666666666,Germany
2025-11-23,71.04843749999999,Germany
2025-11-24,133.54708333333335,Germany
2025-11-25,220.18177083333333,Germany
2025-11-26,161.3965625,Germany
2025-11-27,89.965625,Germany
2025-11-28,85.91864583333334,Germany
2025-11-29,89.95333333333333,Germany
2025-11-30,84.649375,Germany
2025-12-01,92.50562500000001,Germany
2025-12-02,101.4140625,Germany
2025-12-03,165.0796875,Germany
2025-12-04,124.79270833333334,Germany
2025-12-05,132.71708333333333,Germany
2025-12-06,78.99927083333334,Germany
2025-12-07,78.39010416666666,Germany
2025-12-08,72.90302083333333,Germany
2025-12-09,90.33260416666667,Germany
2025-12-10,79.7565625,Germany
2025-12-11,94.8640625,Germany
2025-12-12,113.79770833333333,Germany
2025-12-13,95.87333333333333,Germany
2025-12-14,85.42927083333335,Germany
2025-12-15,87.743125,Germany
2025-12-16,107.09166666666665,Germany
2025-12-17,105.92802083333333,Germany
2025-12-18,71.39322916666667,Germany
2025-12-19,73.19427083333333,Germany
2025-12-20,103.510625,Germany
2025-12-21,90.50770833333333,Germany
2025-12-22,85.6378125,Germany
2025-12-23,74.2315625,Germany
2025-12-24,69.50822916666667,Germany
2025-12-25,71.16302083333333,Germany
2025-12-26,97.51770833333335,Germany
2025-12-27,90.929375,Germany
2025-12-28,92.99781250000001,Germany
2025-12-29,93.84760416666667,Germany
2025-12-30,88.18583333333333,Germany
2025-12-31,86.07187499999999,Germany
2026-01-01,7.7292708333333335,Germany
2026-01-02,57.62729166666667,Germany
2026-01-03,89.03229166666667,Germany
2026-01-04,94.58708333333334,Germany
2026-01-05,134.92166666666665,Germany
2026-01-06,126.9784375,Germany
2026-01-07,98.98385416666667,Germany
2026-01-08,153.90770833333332,Germany
2026-01-09,78.443125,Germany
2026-01-10,98.56135416666666,Germany
2026-01-11,95.1240625,Germany
2026-01-12,104.47635416666667,Germany
2026-01-13,105.76083333333334,Germany
2026-01-14,118.76614583333333,Germany
2026-01-15,100.64958333333334,Germany
2026-01-16,110.71208333333334,Germany
2026-01-17,112.51010416666666,Germany
2026-01-18,108.9740625,Germany
2026-01-19,140.574375,Germany
2026-01-20,155.60468749999998,Germany
2026-01-21,116.63479166666667,Germany
2026-01-22,105.4928125,Germany
2026-01-23,110.3728125,Germany
2026-01-24,112.02395833333333,Germany
2026-01-25,112.03177083333333,Germany
2026-01-26,141.928125,Germany
2026-01-27,130.05229166666666,Germany
2026-01-28,136.789375,Germany
2026-01-29,132.67375,Germany
2026-01-30,113.10000000000001,Germany
2026-01-31,109.35333333333334,Germany
2026-02-01,108.73260416666666,Germany
2026-02-02,107.41520833333334,Germany
2026-02-03,98.61291666666666,Germany
2026-02-04,102.75854166666666,Germany
2026-02-05,110.91729166666666,Germany
2026-02-06,121.97427083333334,Germany
2026-02-07,107.538125,Germany
2026-02-08,103.83197916666667,Germany
2026-02-09,139.60791666666668,Germany
2026-02-10,116.51760416666667,Germany
2026-02-11,112.17822916666667,Germany
2026-02-12,104.36375,Germany
2026-02-13,107.38802083333333,Germany
2026-02-14,103.73854166666666,Germany
2026-02-15,82.87072916666666,Germany
2026-02-16,95.59750000000001,Germany
2026-02-17,97.93864583333334,Germany
2026-02-18,113.659375,Germany
2026-02-19,93.03427083333334,Germany
2026-02-20,85.59802083333334,Germany
2026-02-21,62.69104166666667,Germany
2026-02-22,53.38999999999999,Germany
2026-02-23,69.60083333333334,Germany
2026-02-24,115.20135416666666,Germany
2026-02-25,93.00156249999999,Germany
2026-02-26,75.99885416666667,Germany
2026-02-27,65.95802083333334,Germany
2026-02-28,52.0053125,Germany
2026-03-01,53.662708333333335,Germany
2026-03-02,93.8621875,Germany
2026-03-03,108.18895833333333,Germany
2026-03-04,146.8778125,Germany
2026-03-05,110.34010416666666,Germany
2026-03-06,125.09218750000001,Germany
2026-03-07,110.19802083333333,Germany
2026-03-08,102.21729166666667,Germany
2026-03-09,136.80791666666667,Germany
2026-03-10,137.64645833333333,Germany
2026-03-11,79.92166666666667,Germany
2026-03-12,65.1334375,Germany
2026-03-13,52.88052083333333,Germany
2026-03-14,121.74374999999999,Germany
2026-03-15,95.999375,Germany
2026-03-16,76.8103125,Germany
2026-03-17,125.16270833333334,Germany
2026-03-18,89.715625,Germany
2026-03-19,115.22427083333334,Germany
2026-03-20,142.97583333333333,Germany
2026-03-21,112.5840625,Germany
2026-03-22,84.52145833333334,Germany
2026-03-23,142.32666666666668,Germany
2026-03-24,71.00552083333334,Germany
2026-03-25,41.761041666666664,Germany
2026-03-26,92.305,Germany
2026-03-27,117.515,Germany
2026-03-28,81.80864583333333,Germany
2026-03-29,61.71489583333334,Germany
2026-03-30,66.79197916666666,Germany
2026-03-31,120.45604166666668,Germany
2026-04-01,143.01270833333334,Germany
2026-04-02,114.42739583333334,Germany
2026-04-03,74.76541666666667,Germany
2026-04-04,32.34041666666666,Germany
2026-04-05,-16.166666666666668,Germany
2026-04-06,11.472083333333332,Germany
2026-04-07,89.95885416666665,Germany
2026-04-08,86.82854166666668,Germany
2026-04-09,79.76447916666667,Germany
2026-04-10,123.45885416666665,Germany
2026-04-11,42.1740625,Germany
2026-04-12,82.9490625,Germany
2026-04-13,127.44322916666665,Germany
2026-04-14,138.43447916666668,Germany
2026-04-15,116.26187499999999,Germany
2026-04-16,111.91968750000001,Germany
2026-04-17,104.22531249999999,Germany
2026-04-18,84.56166666666667,Germany
2026-04-19,80.01822916666667,Germany
2026-04-20,97.30020833333333,Germany
2026-04-21,83.13635416666666,Germany
2026-04-22,78.10635416666666,Germany
2026-04-23,64.413125,Germany
2026-04-24,75.84239583333333,Germany
2026-04-25,14.7490625,Germany
2026-04-26,5.836979166666666,Germany
2026-04-27,97.8584375,Germany
2026-04-28,69.61885416666667,Germany
2026-04-29,65.58677083333333,Germany
2026-04-30,72.47322916666667,Germany
2026-05-01,-1.6274999999999993,Germany
2026-05-02,59.52135416666667,Germany
2026-05-03,74.49447916666666,Germany
2026-05-04,132.38770833333334,Germany
2026-05-05,127.75979166666667,Germany
2026-05-06,122.75177083333334,Germany
2026-05-07,136.41791666666668,Germany
2026-05-08,113.81770833333333,Germany
2026-05-09,88.434375,Germany
2026-05-10,76.15697916666666,Germany
2026-05-11,117.72395833333333,Germany
2026-05-12,94.39729166666666,Germany
2026-05-13,114.86697916666667,Germany
2026-05-14,95.56145833333333,Germany
2026-05-15,109.08135416666666,Germany
2026-05-16,78.0896875,Germany
2026-05-17,83.58020833333333,Germany
2026-05-18,140.17885416666667,Germany
2026-05-19,125.95895833333333,Germany
2026-05-20,109.57822916666667,Germany
2026-05-21,110.25489583333332,Germany
2026-05-22,105.74624999999999,Germany
2026-05-23,80.21635416666668,Germany
2026-05-24,65.87635416666667,Germany
2026-05-25,81.66145833333333,Germany
2026-05-26,97.8803125,Germany
2026-05-27,84.0525,Germany
2026-05-28,122.98052083333333,Germany
2026-05-29,102.28135416666667,Germany
2026-05-30,85.92989583333333,Germany
2026-05-31,90.05624999999999,Germany
2026-06-01,152.05322916666668,Germany
2026-06-02,120.12114583333333,Germany
2026-06-03,99.86489583333334,Germany
2026-06-04,61.276562500000004,Germany
2026-06-05,105.58270833333334,Germany
2026-06-06,85.28802083333333,Germany
2026-06-07,45.35104166666667,Germany
2026-06-08,123.27197916666667,Germany
2026-06-09,96.48489583333333,Germany
2026-06-10,123.85916666666667,Germany
2026-06-11,109.75875,Germany
2026-06-12,95.05385416666667,Germany
2026-06-13,24.987916666666667,Germany
2026-06-14,28.332395833333333,Germany
2026-06-15,76.17322916666667,Germany
2026-06-16,114.5990625,Germany
2026-06-17,116.97739583333333,Germany
2026-06-18,140.67458333333335,Germany
2026-06-19,107.02833333333332,Germany
2026-06-20,88.09625,Germany
2026-06-21,82.25333333333333,Germany
2026-06-22,125.6146875,Germany
2026-06-23,177.25635416666668,Germany
2026-06-24,207.1315625,Germany
2026-06-25,131.49552083333333,Germany
2026-06-26,134.32770833333333,Germany
2026-06-27,99.67166666666667,Germany
2026-06-28,83.93208333333332,Germany
2026-06-29,143.20510416666667,Germany
2026-06-30,187.66458333333333,Germany
2026-07-01,150.94770833333334,Germany
2026-07-02,68.0878125,Germany
2026-07-03,62.3271875,Germany
2026-07-04,63.139375,Germany
2026-07-05,63.766979166666665,Germany
2026-07-06,97.68302083333333,Germany
2026-07-07,72.59958333333334,Germany
2026-07-08,100.73947916666667,Germany
2026-07-09,125.1903125,Germany
2026-07-10,123.56833333333333,Germany
2026-07-11,93.55760416666668,Germany
2026-07-12,74.6025,Germany
2026-07-13,119.90739583333334,Germany
2026-07-14,124.9865625,Germany
2026-07-15,137.5603125,Germany
2026-07-16,160.14479166666666,Germany
2026-07-17,139.35999999999999,Germany
2026-07-18,81.12229166666667,Germany
2026-07-19,71.64520833333334,Germany
2026-07-20,103.6790625,Germany
2026-07-21,113.05041666666666,Germany
2026-07-22,99.585625,Germany
2026-07-23,119.23947916666667,Germany
2026-07-24,130.97458333333333,Germany
2026-07-25,89.89770833333334,Germany
2026-07-26,84.21989583333333,Germany
2026-07-27,76.97375,Germany
2025-07-26,55.18,France
2025-07-27,37.35791666666667,France
2025-07-28,40.678333333333335,France
2025-07-29,42.87416666666667,France
2025-07-30,51.30625,France
2025-07-31,65.915,France
2025-08-01,63.92458333333334,France
2025-08-02,41.73458333333333,France
2025-08-03,30.535416666666666,France
2025-08-04,41.062916666666666,France
2025-08-05,16.57375,France
2025-08-06,50.8425,France
2025-08-07,52.90291666666667,France
2025-08-08,54.68666666666667,France
2025-08-09,37.59458333333333,France
2025-08-10,29.693749999999998,France
2025-08-11,56.98333333333333,France
2025-08-12,80.06666666666666,France
2025-08-13,96.64291666666666,France
2025-08-14,89.01125,France
2025-08-15,57.026666666666664,France
2025-08-16,46.30125,France
2025-08-17,41.141666666666666,France
2025-08-18,71.50291666666666,France
2025-08-19,70.71375,France
2025-08-20,59.467083333333335,France
2025-08-21,35.74208333333333,France
2025-08-22,53.492916666666666,France
2025-08-23,63.64124999999999,France
2025-08-24,56.84166666666667,France
2025-08-25,75.89666666666666,France
2025-08-26,77.17833333333333,France
2025-08-27,87.49333333333334,France
2025-08-28,56.653333333333336,France
2025-08-29,34.71458333333333,France
2025-08-30,31.739583333333332,France
2025-08-31,19.919999999999998,France
2025-09-01,34.15333333333333,France
2025-09-02,26.53625,France
2025-09-03,18.550416666666667,France
2025-09-04,34.604166666666664,France
2025-09-05,56.80875,France
2025-09-06,15.421666666666667,France
2025-09-07,18.664166666666667,France
2025-09-08,63.72416666666667,France
2025-09-09,49.018750000000004,France
2025-09-10,14.363333333333332,France
2025-09-11,9.033333333333333,France
2025-09-12,18.96375,France
2025-09-13,11.745,France
2025-09-14,12.2425,France
2025-09-15,3.734166666666667,France
2025-09-16,32.01916666666667,France
2025-09-17,56.00541666666667,France
2025-09-18,54.9125,France
2025-09-19,48.390833333333326,France
2025-09-20,19.962083333333336,France
2025-09-21,16.55875,France
2025-09-22,12.59875,France
2025-09-23,13.447083333333333,France
2025-09-24,36.48708333333334,France
2025-09-25,64.16208333333334,France
2025-09-26,86.74374999999999,France
2025-09-27,53.08625,France
2025-09-28,45.53666666666667,France
2025-09-29,59.129999999999995,France
2025-09-30,78.275,France
2025-10-01,62.94770833333334,France
2025-10-02,54.62416666666667,France
2025-10-03,44.43072916666667,France
2025-10-04,4.209791666666667,France
2025-10-05,11.109791666666666,France
2025-10-06,75.26208333333334,France
2025-10-07,89.18260416666668,France
2025-10-08,95.08958333333334,France
2025-10-09,83.5065625,France
2025-10-10,83.46322916666666,France
2025-10-11,67.92135416666666,France
2025-10-12,58.635625000000005,France
2025-10-13,80.65541666666667,France
2025-10-14,93.98458333333333,France
2025-10-15,89.23812500000001,France
2025-10-16,87.07614583333333,France
2025-10-17,92.515,France
2025-10-18,74.65354166666667,France
2025-10-19,29.007916666666663,France
2025-10-20,32.483020833333335,France
2025-10-21,58.5075,France
2025-10-22,64.590625,France
2025-10-23,11.207500000000001,France
2025-10-24,36.83020833333333,France
2025-10-25,17.87635416666667,France
2025-10-26,15.850416666666668,France
2025-10-27,49.486250000000005,France
2025-10-28,56.65114583333334,France
2025-10-29,81.96947916666666,France
2025-10-30,52.962291666666665,France
2025-10-31,22.3528125,France
2025-11-01,27.0528125,France
2025-11-02,26.3371875,France
2025-11-03,44.46666666666667,France
2025-11-04,21.322083333333335,France
2025-11-05,21.68739583333333,France
2025-11-06,63.906666666666666,France
2025-11-07,66.97052083333334,France
2025-11-08,56.106249999999996,France
2025-11-09,59.3359375,France
2025-11-10,48.98760416666667,France
2025-11-11,22.35083333333333,France
2025-11-12,21.057291666666668,France
2025-11-13,31.388020833333332,France
2025-11-14,26.149375000000003,France
2025-11-15,31.793333333333333,France
2025-11-16,37.264375,France
2025-11-17,65.0690625,France
2025-11-18,88.10447916666668,France
2025-11-19,87.72020833333333,France
2025-11-20,102.07510416666666,France
2025-11-21,113.12708333333335,France
2025-11-22,85.78416666666668,France
2025-11-23,69.29479166666667,France
2025-11-24,77.4190625,France
2025-11-25,70.99458333333334,France
2025-11-26,96.76781249999999,France
2025-11-27,82.81406249999999,France
2025-11-28,78.92697916666667,France
2025-11-29,73.59489583333333,France
2025-11-30,78.48229166666667,France
2025-12-01,77.09875000000001,France
2025-12-02,84.20708333333333,France
2025-12-03,88.92479166666668,France
2025-12-04,76.86260416666667,France
2025-12-05,78.18864583333333,France
2025-12-06,25.141562500000003,France
2025-12-07,19.5240625,France
2025-12-08,35.4184375,France
2025-12-09,28.768229166666668,France
2025-12-10,68.92833333333333,France
2025-12-11,80.22989583333333,France
2025-12-12,84.08875,France
2025-12-13,75.86927083333333,France
2025-12-14,68.89270833333333,France
2025-12-15,74.41020833333333,France
2025-12-16,91.96760416666666,France
2025-12-17,83.20083333333334,France
2025-12-18,33.234375,France
2025-12-19,70.47427083333334,France
2025-12-20,68.68979166666666,France
2025-12-21,60.9371875,France
2025-12-22,74.3071875,France
2025-12-23,75.81875000000001,France
2025-12-24,36.2740625,France
2025-12-25,50.09739583333334,France
2025-12-26,87.169375,France
2025-12-27,80.19604166666666,France
2025-12-28,84.26916666666666,France
2025-12-29,93.95989583333333,France
2025-12-30,84.77885416666668,France
2025-12-31,88.5265625,France
2026-01-01,46.666875000000005,France
2026-01-02,70.2725,France
2026-01-03,89.348125,France
2026-01-04,94.20666666666666,France
2026-01-05,128.71864583333334,France
2026-01-06,127.020625,France
2026-01-07,104.88822916666668,France
2026-01-08,107.22270833333333,France
2026-01-09,71.15166666666667,France
2026-01-10,81.30864583333333,France
2026-01-11,87.05791666666666,France
2026-01-12,86.73854166666666,France
2026-01-13,90.64322916666667,France
2026-01-14,112.60385416666666,France
2026-01-15,96.87875000000001,France
2026-01-16,113.74395833333334,France
2026-01-17,112.97489583333333,France
2026-01-18,110.045,France
2026-01-19,134.450625,France
2026-01-20,100.94791666666667,France
2026-01-21,85.81572916666666,France
2026-01-22,90.73593749999999,France
2026-01-23,103.03760416666667,France
2026-01-24,104.13427083333333,France
2026-01-25,100.25999999999999,France
2026-01-26,115.98229166666665,France
2026-01-27,95.06270833333333,France
2026-01-28,126.65708333333333,France
2026-01-29,117.43010416666668,France
2026-01-30,103.46927083333333,France
2026-01-31,112.07822916666667,France
2026-02-01,109.69937499999999,France
2026-02-02,108.75697916666667,France
2026-02-03,87.3584375,France
2026-02-04,87.6753125,France
2026-02-05,71.01395833333333,France
2026-02-06,69.599375,France
2026-02-07,62.91833333333333,France
2026-02-08,76.275625,France
2026-02-09,81.83083333333333,France
2026-02-10,54.498333333333335,France
2026-02-11,13.818229166666667,France
2026-02-12,16.9040625,France
2026-02-13,58.711354166666666,France
2026-02-14,35.51916666666667,France
2026-02-15,12.557083333333333,France
2026-02-16,12.574583333333335,France
2026-02-17,47.27802083333333,France
2026-02-18,28.0240625,France
2026-02-19,38.099583333333335,France
2026-02-20,47.09270833333333,France
2026-02-21,15.821666666666665,France
2026-02-22,9.960416666666667,France
2026-02-23,28.309895833333332,France
2026-02-24,31.091354166666665,France
2026-02-25,27.375833333333333,France
2026-02-26,21.928541666666664,France
2026-02-27,13.008645833333333,France
2026-02-28,17.695833333333333,France
2026-03-01,17.624375,France
2026-03-02,30.517395833333335,France
2026-03-03,60.10666666666666,France
2026-03-04,76.34166666666667,France
2026-03-05,81.88312499999999,France
2026-03-06,72.97552083333333,France
2026-03-07,63.35427083333334,France
2026-03-08,77.44510416666667,France
2026-03-09,121.68447916666666,France
2026-03-10,119.81375000000001,France
2026-03-11,57.089375,France
2026-03-12,47.98354166666667,France
2026-03-13,46.01114583333333,France
2026-03-14,110.42020833333333,France
2026-03-15,58.493125,France
2026-03-16,66.91625,France
2026-03-17,68.69395833333333,France
2026-03-18,25.60625,France
2026-03-19,32.20697916666666,France
2026-03-20,54.862500000000004,France
2026-03-21,41.205729166666664,France
2026-03-22,40.70552083333333,France
2026-03-23,87.14468749999999,France
2026-03-24,47.53802083333333,France
2026-03-25,18.843645833333333,France
2026-03-26,72.87083333333334,France
2026-03-27,113.9690625,France
2026-03-28,62.82802083333333,France
2026-03-29,45.14166666666667,France
2026-03-30,54.09729166666667,France
2026-03-31,111.80427083333332,France
2026-04-01,133.83770833333332,France
2026-04-02,110.22864583333335,France
2026-04-03,67.15906249999999,France
2026-04-04,17.890416666666667,France
2026-04-05,-0.23416666666666716,France
2026-04-06,2.4536458333333333,France
2026-04-07,38.91291666666667,France
2026-04-08,56.634166666666665,France
2026-04-09,45.57177083333334,France
2026-04-10,41.694895833333334,France
2026-04-11,8.735104166666668,France
2026-04-12,48.91072916666667,France
2026-04-13,118.16260416666667,France
2026-04-14,89.0159375,France
2026-04-15,69.84677083333334,France
2026-04-16,75.4178125,France
2026-04-17,70.11114583333334,France
2026-04-18,44.65385416666667,France
2026-04-19,22.262291666666666,France
2026-04-20,20.720625000000002,France
2026-04-21,16.277916666666666,France
2026-04-22,14.665729166666667,France
2026-04-23,17.806458333333335,France
2026-04-24,26.173125,France
2026-04-25,-0.5979166666666665,France
2026-04-26,-39.964999999999996,France
2026-04-27,37.15916666666667,France
2026-04-28,16.571770833333336,France
2026-04-29,2.887083333333333,France
2026-04-30,13.758229166666666,France
2026-05-01,-37.795833333333334,France
2026-05-02,23.690520833333334,France
2026-05-03,36.1934375,France
2026-05-04,110.98072916666666,France
2026-05-05,92.60000000000001,France
2026-05-06,114.16302083333333,France
2026-05-07,97.41104166666666,France
2026-05-08,47.20770833333333,France
2026-05-09,27.933125,France
2026-05-10,20.333645833333332,France
2026-05-11,42.55114583333333,France
2026-05-12,68.20270833333333,France
2026-05-13,29.799166666666668,France
2026-05-14,29.665104166666666,France
2026-05-15,44.008229166666666,France
2026-05-16,48.7671875,France
2026-05-17,50.505208333333336,France
2026-05-18,78.90760416666667,France
2026-05-19,43.995312500000004,France
2026-05-20,48.831250000000004,France
2026-05-21,60.3940625,France
2026-05-22,58.75333333333333,France
2026-05-23,31.145104166666666,France
2026-05-24,16.051354166666666,France
2026-05-25,34.757083333333334,France
2026-05-26,69.88791666666667,France
2026-05-27,74.70270833333333,France
2026-05-28,83.51833333333333,France
2026-05-29,83.84989583333333,France
2026-05-30,58.04958333333334,France
2026-05-31,30.544166666666666,France
2026-06-01,56.65864583333333,France
2026-06-02,17.790208333333332,France
2026-06-03,8.6940625,France
2026-06-04,9.053541666666666,France
2026-06-05,35.9125,France
2026-06-06,13.070104166666667,France
2026-06-07,16.938645833333336,France
2026-06-08,27.46875,France
2026-06-09,35.23020833333333,France
2026-06-10,29.000208333333333,France
2026-06-11,12.271354166666667,France
2026-06-12,29.345520833333335,France
2026-06-13,23.103333333333335,France
2026-06-14,30.7834375,France
2026-06-15,77.43604166666667,France
2026-06-16,96.44802083333333,France
2026-06-17,97.395625,France
2026-06-18,94.05239583333334,France
2026-06-19,83.84145833333334,France
2026-06-20,72.50979166666666,France
2026-06-21,61.62260416666667,France
2026-06-22,108.31114583333334,France
2026-06-23,137.5190625,France
2026-06-24,157.30989583333334,France
2026-06-25,113.95395833333333,France
2026-06-26,127.99437499999999,France
2026-06-27,87.67062499999999,France
2026-06-28,77.69145833333333,France
2026-06-29,124.66583333333334,France
2026-06-30,123.50427083333334,France
2026-07-01,95.23479166666665,France
2026-07-02,57.47322916666667,France
2026-07-03,65.60104166666666,France
2026-07-04,45.47427083333333,France
2026-07-05,38.03,France
2026-07-06,85.38645833333334,France
2026-07-07,72.74572916666666,France
2026-07-08,94.52729166666667,France
2026-07-09,111.0621875,France
2026-07-10,119.33541666666667,France
2026-07-11,90.27322916666667,France
2026-07-12,74.42979166666667,France
2026-07-13,114.73385416666667,France
2026-07-14,121.0390625,France
2026-07-15,138.71875,France
2026-07-16,152.99947916666667,France
2026-07-17,139.4684375,France
2026-07-18,83.06625,France
2026-07-19,60.89510416666667,France
2026-07-20,99.62041666666666,France
2026-07-21,102.87291666666665,France
2026-07-22,102.42447916666667,France
2026-07-23,113.41104166666666,France
2026-07-24,112.43458333333332,France
2026-07-25,82.56093750000001,France
2026-07-26,41.12916666666667,France
2026-07-27,67.31818181818181,France
2025-07-26,67.705,Spain
2025-07-27,31.67,Spain
2025-07-28,32.995416666666664,Spain
2025-07-29,33.35541666666666,Spain
2025-07-30,42.53666666666667,Spain
2025-07-31,65.40124999999999,Spain
2025-08-01,63.92458333333334,Spain
2025-08-02,36.191250000000004,Spain
2025-08-03,30.364166666666666,Spain
2025-08-04,69.18416666666667,Spain
2025-08-05,53.3425,Spain
2025-08-06,81.16166666666666,Spain
2025-08-07,83.40916666666666,Spain
2025-08-08,74.12333333333333,Spain
2025-08-09,61.168749999999996,Spain
2025-08-10,56.28333333333333,Spain
2025-08-11,80.06083333333333,Spain
2025-08-12,90.17458333333333,Spain
2025-08-13,102.12124999999999,Spain
2025-08-14,95.9375,Spain
2025-08-15,69.63458333333334,Spain
2025-08-16,74.04166666666667,Spain
2025-08-17,68.00875,Spain
2025-08-18,96.22291666666666,Spain
2025-08-19,76.86,Spain
2025-08-20,68.33333333333333,Spain
2025-08-21,52.430416666666666,Spain
2025-08-22,55.09291666666667,Spain
2025-08-23,64.34,Spain
2025-08-24,62.78916666666667,Spain
2025-08-25,91.86958333333332,Spain
2025-08-26,87.86666666666667,Spain
2025-08-27,87.00166666666667,Spain
2025-08-28,52.802083333333336,Spain
2025-08-29,46.41166666666667,Spain
2025-08-30,51.699999999999996,Spain
2025-08-31,33.02333333333333,Spain
2025-09-01,36.545833333333334,Spain
2025-09-02,61.27916666666667,Spain
2025-09-03,54.100833333333334,Spain
2025-09-04,55.315,Spain
2025-09-05,53.86875,Spain
2025-09-06,22.521666666666665,Spain
2025-09-07,38.59375,Spain
2025-09-08,73.35333333333334,Spain
2025-09-09,65.49416666666666,Spain
2025-09-10,51.16083333333333,Spain
2025-09-11,55.94333333333333,Spain
2025-09-12,73.205,Spain
2025-09-13,58.31875,Spain
2025-09-14,50.98666666666667,Spain
2025-09-15,65.46458333333334,Spain
2025-09-16,74.7925,Spain
2025-09-17,86.11583333333334,Spain
2025-09-18,97.41000000000001,Spain
2025-09-19,88.7575,Spain
2025-09-20,64.54708333333333,Spain
2025-09-21,37.83416666666667,Spain
2025-09-22,37.79625,Spain
2025-09-23,49.61375,Spain
2025-09-24,49.15291666666667,Spain
2025-09-25,81.54916666666666,Spain
2025-09-26,92.22458333333333,Spain
2025-09-27,67.605,Spain
2025-09-28,47.74916666666667,Spain
2025-09-29,62.57916666666667,Spain
2025-09-30,87.98866666666666,Spain
2025-10-01,86.87916666666666,Spain
2025-10-02,87.22500000000001,Spain
2025-10-03,92.60229166666666,Spain
2025-10-04,47.049791666666664,Spain
2025-10-05,25.095208333333332,Spain
2025-10-06,84.52614583333333,Spain
2025-10-07,98.52104166666668,Spain
2025-10-08,97.41927083333333,Spain
2025-10-09,64.66416666666667,Spain
2025-10-10,80.81833333333334,Spain
2025-10-11,73.47375000000001,Spain
2025-10-12,64.05395833333334,Spain
2025-10-13,103.71083333333333,Spain
2025-10-14,108.18833333333333,Spain
2025-10-15,109.5109375,Spain
2025-10-16,110.14677083333333,Spain
2025-10-17,107.68916666666667,Spain
2025-10-18,77.4646875,Spain
2025-10-19,29.29177083333333,Spain
2025-10-20,40.392916666666665,Spain
2025-10-21,38.714375,Spain
2025-10-22,25.03,Spain
2025-10-23,31.3309375,Spain
2025-10-24,91.67447916666667,Spain
2025-10-25,80.6653125,Spain
2025-10-26,49.33354166666667,Spain
2025-10-27,90.61125,Spain
2025-10-28,100.70552083333332,Spain
2025-10-29,105.82125,Spain
2025-10-30,87.11135416666667,Spain
2025-10-31,54.82010416666666,Spain
2025-11-01,46.768229166666664,Spain
2025-11-02,40.620312500000004,Spain
2025-11-03,82.31760416666667,Spain
2025-11-04,47.48104166666667,Spain
2025-11-05,27.33458333333333,Spain
2025-11-06,41.86125,Spain
2025-11-07,68.55520833333334,Spain
2025-11-08,41.1853125,Spain
2025-11-09,58.791875000000005,Spain
2025-11-10,81.76739583333334,Spain
2025-11-11,64.61166666666666,Spain
2025-11-12,27.265104166666664,Spain
2025-11-13,31.686458333333334,Spain
2025-11-14,29.542916666666667,Spain
2025-11-15,31.97645833333333,Spain
2025-11-16,35.89791666666667,Spain
2025-11-17,79.26770833333333,Spain
2025-11-18,80.7596875,Spain
2025-11-19,98.6709375,Spain
2025-11-20,84.1134375,Spain
2025-11-21,60.82208333333333,Spain
2025-11-22,58.3928125,Spain
2025-11-23,37.972500000000004,Spain
2025-11-24,42.412395833333335,Spain
2025-11-25,49.63385416666667,Spain
2025-11-26,69.6603125,Spain
2025-11-27,86.1328125,Spain
2025-11-28,99.313125,Spain
2025-11-29,81.03166666666667,Spain
2025-11-30,75.339375,Spain
2025-12-01,91.4453125,Spain
2025-12-02,88.90052083333335,Spain
2025-12-03,69.4178125,Spain
2025-12-04,65.30041666666666,Spain
2025-12-05,68.94500000000001,Spain
2025-12-06,33.051562499999996,Spain
2025-12-07,33.88135416666667,Spain
2025-12-08,54.6696875,Spain
2025-12-09,64.8990625,Spain
2025-12-10,103.27239583333333,Spain
2025-12-11,95.79385416666668,Spain
2025-12-12,97.046875,Spain
2025-12-13,79.0321875,Spain
2025-12-14,78.4265625,Spain
2025-12-15,92.98239583333333,Spain
2025-12-16,94.00239583333332,Spain
2025-12-17,102.5028125,Spain
2025-12-18,84.22083333333333,Spain
2025-12-19,102.90645833333333,Spain
2025-12-20,68.968125,Spain
2025-12-21,61.745104166666664,Spain
2025-12-22,71.21375,Spain
2025-12-23,77.89635416666667,Spain
2025-12-24,39.087291666666665,Spain
2025-12-25,51.362187500000005,Spain
2025-12-26,88.99843750000001,Spain
2025-12-27,78.87260416666668,Spain
2025-12-28,80.48072916666666,Spain
2025-12-29,107.41489583333333,Spain
2025-12-30,91.051875,Spain
2025-12-31,98.17260416666666,Spain
2026-01-01,80.6809375,Spain
2026-01-02,82.93249999999999,Spain
2026-01-03,88.735,Spain
2026-01-04,66.80114583333334,Spain
2026-01-05,95.95104166666665,Spain
2026-01-06,62.69083333333333,Spain
2026-01-07,101.8759375,Spain
2026-01-08,80.420625,Spain
2026-01-09,53.958958333333335,Spain
2026-01-10,74.13791666666667,Spain
2026-01-11,79.81989583333333,Spain
2026-01-12,88.75906250000001,Spain
2026-01-13,96.504375,Spain
2026-01-14,116.20531249999999,Spain
2026-01-15,105.65020833333334,Spain
2026-01-16,120.43510416666668,Spain
2026-01-17,127.091875,Spain
2026-01-18,117.85697916666668,Spain
2026-01-19,129.21489583333332,Spain
2026-01-20,101.44354166666666,Spain
2026-01-21,80.6459375,Spain
2026-01-22,59.43739583333333,Spain
2026-01-23,38.873645833333335,Spain
2026-01-24,20.148645833333333,Spain
2026-01-25,10.526770833333334,Spain
2026-01-26,36.12,Spain
2026-01-27,28.205833333333334,Spain
2026-01-28,28.915520833333332,Spain
2026-01-29,25.161770833333335,Spain
2026-01-30,12.522604166666667,Spain
2026-01-31,5.689583333333334,Spain
2026-02-01,24.760833333333334,Spain
2026-02-02,13.528333333333334,Spain
2026-02-03,33.074374999999996,Spain
2026-02-04,17.023854166666666,Spain
2026-02-05,6.1653125,Spain
2026-02-06,9.403541666666667,Spain
2026-02-07,6.858020833333334,Spain
2026-02-08,5.928958333333333,Spain
2026-02-09,20.95510416666667,Spain
2026-02-10,4.6710416666666665,Spain
2026-02-11,4.227916666666666,Spain
2026-02-12,5.84,Spain
2026-02-13,4.278958333333334,Spain
2026-02-14,2.3297916666666665,Spain
2026-02-15,1.3525,Spain
2026-02-16,4.57125,Spain
2026-02-17,28.07041666666667,Spain
2026-02-18,16.895625,Spain
2026-02-19,15.79875,Spain
2026-02-20,28.7165625,Spain
2026-02-21,29.14,Spain
2026-02-22,21.797187499999996,Spain
2026-02-23,35.16041666666667,Spain
2026-02-24,27.707708333333333,Spain
2026-02-25,30.310208333333335,Spain
2026-02-26,27.018854166666667,Spain
2026-02-27,19.950833333333332,Spain
2026-02-28,15.167812499999998,Spain
2026-03-01,14.308437500000002,Spain
2026-03-02,19.13416666666667,Spain
2026-03-03,29.666458333333335,Spain
2026-03-04,57.79010416666667,Spain
2026-03-05,88.77010416666667,Spain
2026-03-06,63.78270833333334,Spain
2026-03-07,63.8853125,Spain
2026-03-08,79.05499999999999,Spain
2026-03-09,120.44479166666667,Spain
2026-03-10,136.8878125,Spain
2026-03-11,102.35312499999999,Spain
2026-03-12,69.62125,Spain
2026-03-13,36.7271875,Spain
2026-03-14,13.123333333333333,Spain
2026-03-15,6.5471875,Spain
2026-03-16,41.4175,Spain
2026-03-17,46.093958333333326,Spain
2026-03-18,28.488645833333333,Spain
2026-03-19,24.6978125,Spain
2026-03-20,39.07604166666667,Spain
2026-03-21,42.10635416666667,Spain
2026-03-22,25.78322916666667,Spain
2026-03-23,35.91427083333333,Spain
2026-03-24,53.2540625,Spain
2026-03-25,17.554895833333333,Spain
2026-03-26,5.023020833333333,Spain
2026-03-27,9.3084375,Spain
2026-03-28,2.7365625,Spain
2026-03-29,0.5395833333333333,Spain
2026-03-30,10.810208333333334,Spain
2026-03-31,7.287708333333334,Spain
2026-04-01,5.358645833333333,Spain
2026-04-02,5.3495833333333325,Spain
2026-04-03,15.53375,Spain
2026-04-04,22.37708333333333,Spain
2026-04-05,23.307604166666664,Spain
2026-04-06,18.469166666666666,Spain
2026-04-07,36.37833333333334,Spain
2026-04-08,65.48937500000001,Spain
2026-04-09,49.099895833333335,Spain
2026-04-10,46.817708333333336,Spain
2026-04-11,24.02270833333333,Spain
2026-04-12,14.2815625,Spain
2026-04-13,27.075,Spain
2026-04-14,48.790937500000005,Spain
2026-04-15,59.445729166666666,Spain
2026-04-16,71.4359375,Spain
2026-04-17,68.90239583333333,Spain
2026-04-18,44.17760416666667,Spain
2026-04-19,37.32604166666667,Spain
2026-04-20,51.296145833333334,Spain
2026-04-21,44.965,Spain
2026-04-22,49.420208333333335,Spain
2026-04-23,48.946979166666665,Spain
2026-04-24,73.26125,Spain
2026-04-25,48.974375,Spain
2026-04-26,36.18385416666667,Spain
2026-04-27,47.15020833333333,Spain
2026-04-28,56.81822916666667,Spain
2026-04-29,76.10427083333333,Spain
2026-04-30,64.8159375,Spain
2026-05-01,56.27572916666667,Spain
2026-05-02,43.455729166666664,Spain
2026-05-03,50.2953125,Spain
2026-05-04,69.30541666666666,Spain
2026-05-05,64.88541666666667,Spain
2026-05-06,78.78989583333333,Spain
2026-05-07,85.7525,Spain
2026-05-08,61.660625,Spain
2026-05-09,30.952604166666664,Spain
2026-05-10,22.645729166666666,Spain
2026-05-11,56.713541666666664,Spain
2026-05-12,67.345625,Spain
2026-05-13,49.84125,Spain
2026-05-14,51.029583333333335,Spain
2026-05-15,37.628229166666664,Spain
2026-05-16,43.13302083333334,Spain
2026-05-17,45.77406250000001,Spain
2026-05-18,60.29770833333333,Spain
2026-05-19,46.4396875,Spain
2026-05-20,57.165937500000005,Spain
2026-05-21,57.6171875,Spain
2026-05-22,55.12322916666667,Spain
2026-05-23,33.345729166666665,Spain
2026-05-24,24.8515625,Spain
2026-05-25,36.2046875,Spain
2026-05-26,63.62447916666667,Spain
2026-05-27,69.73208333333334,Spain
2026-05-28,76.68885416666667,Spain
2026-05-29,78.62697916666666,Spain
2026-05-30,60.59625,Spain
2026-05-31,44.47447916666667,Spain
2026-06-01,70.6303125,Spain
2026-06-02,49.8959375,Spain
2026-06-03,58.606249999999996,Spain
2026-06-04,52.4859375,Spain
2026-06-05,59.681562500000005,Spain
2026-06-06,54.19947916666666,Spain
2026-06-07,52.3453125,Spain
2026-06-08,56.99625,Spain
2026-06-09,49.90479166666666,Spain
2026-06-10,37.085520833333334,Spain
2026-06-11,32.82666666666667,Spain
2026-06-12,35.06,Spain
2026-06-13,46.69864583333333,Spain
2026-06-14,61.3790625,Spain
2026-06-15,88.07114583333333,Spain
2026-06-16,98.26239583333334,Spain
2026-06-17,94.23604166666667,Spain
2026-06-18,92.63864583333333,Spain
2026-06-19,85.33708333333334,Spain
2026-06-20,65.84114583333333,Spain
2026-06-21,56.85364583333333,Spain
2026-06-22,101.3175,Spain
2026-06-23,112.26989583333334,Spain
2026-06-24,95.17177083333333,Spain
2026-06-25,79.1115625,Spain
2026-06-26,87.97125,Spain
2026-06-27,69.69770833333332,Spain
2026-06-28,66.12927083333334,Spain
2026-06-29,83.64270833333333,Spain
2026-06-30,95.35541666666667,Spain
2026-07-01,54.55229166666667,Spain
2026-07-02,45.938854166666665,Spain
2026-07-03,49.74281249999999,Spain
2026-07-04,48.39270833333333,Spain
2026-07-05,65.68708333333333,Spain
2026-07-06,101.51541666666667,Spain
2026-07-07,114.14687500000001,Spain
2026-07-08,110.62010416666668,Spain
2026-07-09,112.59208333333333,Spain
2026-07-10,117.97302083333334,Spain
2026-07-11,85.89833333333333,Spain
2026-07-12,72.54708333333333,Spain
2026-07-13,126.3853125,Spain
2026-07-14,124.3075,Spain
2026-07-15,138.68552083333333,Spain
2026-07-16,135.24489583333335,Spain
2026-07-17,136.76010416666665,Spain
2026-07-18,91.00760416666667,Spain
2026-07-19,91.015,Spain
2026-07-20,131.71614583333334,Spain
2026-07-21,136.3490625,Spain
2026-07-22,151.5159375,Spain
2026-07-23,136.73927083333334,Spain
2026-07-24,109.96791666666667,Spain
2026-07-25,78.80489583333333,Spain
2026-07-26,70.77614583333333,Spain
2026-07-27,92.68795454545455,Spain
2025-07-26,104.2,Netherlands
2025-07-27,79.06083333333333,Netherlands
2025-07-28,87.24958333333332,Netherlands
2025-07-29,77.08125,Netherlands
2025-07-30,74.37958333333334,Netherlands
2025-07-31,86.78708333333333,Netherlands
2025-08-01,90.71416666666666,Netherlands
2025-08-02,64.06916666666667,Netherlands
2025-08-03,41.97875,Netherlands
2025-08-04,56.812916666666666,Netherlands
2025-08-05,36.24708333333333,Netherlands
2025-08-06,65.52083333333333,Netherlands
2025-08-07,67.5675,Netherlands
2025-08-08,76.36416666666666,Netherlands
2025-08-09,58.07041666666667,Netherlands
2025-08-10,47.94416666666667,Netherlands
2025-08-11,82.8525,Netherlands
2025-08-12,83.78416666666666,Netherlands
2025-08-13,99.59708333333333,Netherlands
2025-08-14,103.87708333333335,Netherlands
2025-08-15,73.09333333333333,Netherlands
2025-08-16,61.725,Netherlands
2025-08-17,66.02708333333334,Netherlands
2025-08-18,87.63625,Netherlands
2025-08-19,77.61125,Netherlands
2025-08-20,86.08791666666667,Netherlands
2025-08-21,86.08708333333334,Netherlands
2025-08-22,85.52625,Netherlands
2025-08-23,69.63,Netherlands
2025-08-24,62.94958333333333,Netherlands
2025-08-25,87.23708333333333,Netherlands
2025-08-26,91.17666666666666,Netherlands
2025-08-27,99.48916666666666,Netherlands
2025-08-28,98.61041666666667,Netherlands
2025-08-29,84.3125,Netherlands
2025-08-30,64.10791666666667,Netherlands
2025-08-31,53.36333333333334,Netherlands
2025-09-01,84.81791666666668,Netherlands
2025-09-02,91.09375,Netherlands
2025-09-03,55.81333333333333,Netherlands
2025-09-04,74.72166666666666,Netherlands
2025-09-05,94.43624999999999,Netherlands
2025-09-06,67.78750000000001,Netherlands
2025-09-07,38.889583333333334,Netherlands
2025-09-08,121.335,Netherlands
2025-09-09,134.295,Netherlands
2025-09-10,113.4975,Netherlands
2025-09-11,61.305416666666666,Netherlands
2025-09-12,51.13375,Netherlands
2025-09-13,55.0275,Netherlands
2025-09-14,58.90541666666667,Netherlands
2025-09-15,8.269583333333333,Netherlands
2025-09-16,32.88708333333333,Netherlands
2025-09-17,80.7075,Netherlands
2025-09-18,65.43083333333333,Netherlands
2025-09-19,95.21333333333332,Netherlands
2025-09-20,52.373333333333335,Netherlands
2025-09-21,38.365,Netherlands
2025-09-22,92.45541666666666,Netherlands
2025-09-23,102.02041666666668,Netherlands
2025-09-24,74.0775,Netherlands
2025-09-25,76.41458333333334,Netherlands
2025-09-26,94.72916666666667,Netherlands
2025-09-27,88.57458333333334,Netherlands
2025-09-28,82.63375,Netherlands
2025-09-29,120.28750000000001,Netherlands
2025-09-30,115.68566666666668,Netherlands
2025-10-01,111.24000000000001,Netherlands
2025-10-02,94.18416666666667,Netherlands
2025-10-03,66.214375,Netherlands
2025-10-04,-1.0645833333333334,Netherlands
2025-10-05,8.920833333333333,Netherlands
2025-10-06,90.439375,Netherlands
2025-10-07,129.61541666666668,Netherlands
2025-10-08,115.21510416666666,Netherlands
2025-10-09,101.69010416666667,Netherlands
2025-10-10,95.81302083333333,Netherlands
2025-10-11,96.23520833333333,Netherlands
2025-10-12,89.18395833333334,Netherlands
2025-10-13,127.80677083333335,Netherlands
2025-10-14,144.88145833333334,Netherlands
2025-10-15,129.33729166666666,Netherlands
2025-10-16,96.47135416666667,Netherlands
2025-10-17,102.39958333333334,Netherlands
2025-10-18,91.87572916666666,Netherlands
2025-10-19,67.363125,Netherlands
2025-10-20,76.91,Netherlands
2025-10-21,67.73947916666667,Netherlands
2025-10-22,116.48541666666667,Netherlands
2025-10-23,77.13250000000001,Netherlands
2025-10-24,35.10364583333333,Netherlands
2025-10-25,15.989479166666667,Netherlands
2025-10-26,16.005520833333332,Netherlands
2025-10-27,69.08729166666667,Netherlands
2025-10-28,67.14708333333333,Netherlands
2025-10-29,89.7575,Netherlands
2025-10-30,78.90427083333334,Netherlands
2025-10-31,82.79416666666667,Netherlands
2025-11-01,43.731458333333336,Netherlands
2025-11-02,76.44052083333334,Netherlands
2025-11-03,72.63760416666666,Netherlands
2025-11-04,72.31979166666666,Netherlands
2025-11-05,85.13677083333333,Netherlands
2025-11-06,101.1840625,Netherlands
2025-11-07,103.82427083333333,Netherlands
2025-11-08,99.55291666666666,Netherlands
2025-11-09,93.08229166666666,Netherlands
2025-11-10,97.35958333333333,Netherlands
2025-11-11,85.53864583333332,Netherlands
2025-11-12,71.54135416666666,Netherlands
2025-11-13,78.20020833333334,Netherlands
2025-11-14,92.53500000000001,Netherlands
2025-11-15,83.77427083333333,Netherlands
2025-11-16,91.295,Netherlands
2025-11-17,84.57833333333333,Netherlands
2025-11-18,99.69645833333334,Netherlands
2025-11-19,99.77208333333334,Netherlands
2025-11-20,122.98822916666666,Netherlands
2025-11-21,141.53854166666667,Netherlands
2025-11-22,87.3315625,Netherlands
2025-11-23,72.30760416666666,Netherlands
2025-11-24,123.07625,Netherlands
2025-11-25,147.19739583333333,Netherlands
2025-11-26,151.86406250000002,Netherlands
2025-11-27,82.19583333333334,Netherlands
2025-11-28,82.13052083333334,Netherlands
2025-11-29,87.35364583333335,Netherlands
2025-11-30,83.29729166666667,Netherlands
2025-12-01,82.05208333333333,Netherlands
2025-12-02,86.7890625,Netherlands
2025-12-03,132.6459375,Netherlands
2025-12-04,96.99385416666667,Netherlands
2025-12-05,115.46895833333333,Netherlands
2025-12-06,72.57947916666667,Netherlands
2025-12-07,72.87145833333334,Netherlands
2025-12-08,67.82947916666667,Netherlands
2025-12-09,81.51072916666666,Netherlands
2025-12-10,76.57770833333333,Netherlands
2025-12-11,91.56010416666668,Netherlands
2025-12-12,106.36229166666668,Netherlands
2025-12-13,92.23135416666666,Netherlands
2025-12-14,82.5478125,Netherlands
2025-12-15,84.86614583333333,Netherlands
2025-12-16,105.26552083333333,Netherlands
2025-12-17,100.72614583333332,Netherlands
2025-12-18,69.35802083333333,Netherlands
2025-12-19,71.65458333333333,Netherlands
2025-12-20,97.7925,Netherlands
2025-12-21,86.2003125,Netherlands
2025-12-22,85.17052083333333,Netherlands
2025-12-23,76.12583333333333,Netherlands
2025-12-24,66.0259375,Netherlands
2025-12-25,68.07510416666666,Netherlands
2025-12-26,96.07979166666667,Netherlands
2025-12-27,89.81072916666666,Netherlands
2025-12-28,92.79062499999999,Netherlands
2025-12-29,95.6175,Netherlands
2025-12-30,87.708125,Netherlands
2025-12-31,86.4321875,Netherlands
2026-01-01,45.875416666666666,Netherlands
2026-01-02,65.3975,Netherlands
2026-01-03,88.92062499999999,Netherlands
2026-01-04,94.47781250000001,Netherlands
2026-01-05,134.10270833333334,Netherlands
2026-01-06,123.98614583333334,Netherlands
2026-01-07,94.80572916666667,Netherlands
2026-01-08,149.6240625,Netherlands
2026-01-09,82.64999999999999,Netherlands
2026-01-10,96.24802083333333,Netherlands
2026-01-11,91.8834375,Netherlands
2026-01-12,88.87166666666667,Netherlands
2026-01-13,98.44916666666667,Netherlands
2026-01-14,114.60562499999999,Netherlands
2026-01-15,96.89187500000001,Netherlands
2026-01-16,108.60875,Netherlands
2026-01-17,110.31489583333332,Netherlands
2026-01-18,107.58322916666667,Netherlands
2026-01-19,138.61583333333334,Netherlands
2026-01-20,123.04541666666667,Netherlands
2026-01-21,106.45270833333335,Netherlands
2026-01-22,102.90447916666666,Netherlands
2026-01-23,109.393125,Netherlands
2026-01-24,111.33572916666667,Netherlands
2026-01-25,110.66125,Netherlands
2026-01-26,138.720625,Netherlands
2026-01-27,116.73385416666667,Netherlands
2026-01-28,135.56208333333333,Netherlands
2026-01-29,126.5803125,Netherlands
2026-01-30,110.34177083333333,Netherlands
2026-01-31,113.88229166666667,Netherlands
2026-02-01,111.88864583333333,Netherlands
2026-02-02,108.215625,Netherlands
2026-02-03,97.40208333333334,Netherlands
2026-02-04,100.8746875,Netherlands
2026-02-05,103.06739583333332,Netherlands
2026-02-06,115.31812500000001,Netherlands
2026-02-07,101.5596875,Netherlands
2026-02-08,100.20583333333333,Netherlands
2026-02-09,131.62260416666666,Netherlands
2026-02-10,107.4228125,Netherlands
2026-02-11,100.65614583333333,Netherlands
2026-02-12,97.96104166666667,Netherlands
2026-02-13,102.58031249999999,Netherlands
2026-02-14,95.30843750000001,Netherlands
2026-02-15,85.06885416666667,Netherlands
2026-02-16,92.50770833333333,Netherlands
2026-02-17,91.6690625,Netherlands
2026-02-18,96.21312499999999,Netherlands
2026-02-19,84.81979166666666,Netherlands
2026-02-20,86.8365625,Netherlands
2026-02-21,70.70364583333334,Netherlands
2026-02-22,53.861250000000005,Netherlands
2026-02-23,66.160625,Netherlands
2026-02-24,105.67708333333333,Netherlands
2026-02-25,87.23229166666665,Netherlands
2026-02-26,75.809375,Netherlands
2026-02-27,72.3553125,Netherlands
2026-02-28,59.450520833333336,Netherlands
2026-03-01,58.554375,Netherlands
2026-03-02,87.953125,Netherlands
2026-03-03,106.6221875,Netherlands
2026-03-04,141.86020833333333,Netherlands
2026-03-05,109.44375000000001,Netherlands
2026-03-06,122.81625000000001,Netherlands
2026-03-07,106.08041666666666,Netherlands
2026-03-08,104.65427083333333,Netherlands
2026-03-09,138.67854166666666,Netherlands
2026-03-10,141.16791666666668,Netherlands
2026-03-11,82.83572916666667,Netherlands
2026-03-12,64.61041666666667,Netherlands
2026-03-13,78.81916666666667,Netherlands
2026-03-14,125.08020833333335,Netherlands
2026-03-15,91.72979166666666,Netherlands
2026-03-16,76.67458333333333,Netherlands
2026-03-17,120.995,Netherlands
2026-03-18,90.78791666666666,Netherlands
2026-03-19,109.21666666666665,Netherlands
2026-03-20,131.26270833333334,Netherlands
2026-03-21,105.41239583333333,Netherlands
2026-03-22,78.81947916666667,Netherlands
2026-03-23,135.02791666666667,Netherlands
2026-03-24,72.89302083333334,Netherlands
2026-03-25,46.148854166666666,Netherlands
2026-03-26,91.83864583333333,Netherlands
2026-03-27,117.18458333333332,Netherlands
2026-03-28,79.03625,Netherlands
2026-03-29,60.77447916666667,Netherlands
2026-03-30,68.54510416666666,Netherlands
2026-03-31,122.89333333333333,Netherlands
2026-04-01,142.1690625,Netherlands
2026-04-02,124.04041666666667,Netherlands
2026-04-03,80.454375,Netherlands
2026-04-04,68.7109375,Netherlands
2026-04-05,22.522291666666664,Netherlands
2026-04-06,79.31093750000001,Netherlands
2026-04-07,88.93124999999999,Netherlands
2026-04-08,86.60895833333332,Netherlands
2026-04-09,77.63885416666666,Netherlands
2026-04-10,121.0075,Netherlands
2026-04-11,54.91416666666667,Netherlands
2026-04-12,76.7871875,Netherlands
2026-04-13,129.07697916666666,Netherlands
2026-04-14,132.53947916666667,Netherlands
2026-04-15,109.87458333333332,Netherlands
2026-04-16,107.5084375,Netherlands
2026-04-17,105.61625,Netherlands
2026-04-18,92.30343749999999,Netherlands
2026-04-19,78.42270833333333,Netherlands
2026-04-20,100.76895833333333,Netherlands
2026-04-21,76.71458333333334,Netherlands
2026-04-22,73.99989583333333,Netherlands
2026-04-23,74.78635416666667,Netherlands
2026-04-24,82.12614583333333,Netherlands
2026-04-25,50.34979166666667,Netherlands
2026-04-26,12.849166666666667,Netherlands
2026-04-27,96.10739583333333,Netherlands
2026-04-28,60.795625,Netherlands
2026-04-29,60.247083333333336,Netherlands
2026-04-30,67.893125,Netherlands
2026-05-01,2.4163541666666672,Netherlands
2026-05-02,76.72291666666666,Netherlands
2026-05-03,89.37614583333334,Netherlands
2026-05-04,128.739375,Netherlands
2026-05-05,122.223125,Netherlands
2026-05-06,122.11947916666666,Netherlands
2026-05-07,130.71458333333334,Netherlands
2026-05-08,108.385625,Netherlands
2026-05-09,82.32625,Netherlands
2026-05-10,69.83572916666667,Netherlands
2026-05-11,110.691875,Netherlands
2026-05-12,93.68572916666666,Netherlands
2026-05-13,105.83197916666667,Netherlands
2026-05-14,90.4990625,Netherlands
2026-05-15,101.38239583333332,Netherlands
2026-05-16,77.0240625,Netherlands
2026-05-17,82.30239583333334,Netherlands
2026-05-18,137.00177083333332,Netherlands
2026-05-19,116.0,Netherlands
2026-05-20,100.984375,Netherlands
2026-05-21,107.32114583333333,Netherlands
2026-05-22,100.97322916666667,Netherlands
2026-05-23,76.55854166666667,Netherlands
2026-05-24,65.29447916666668,Netherlands
2026-05-25,76.49447916666666,Netherlands
2026-05-26,95.2846875,Netherlands
2026-05-27,83.24135416666667,Netherlands
2026-05-28,120.05458333333333,Netherlands
2026-05-29,102.21166666666666,Netherlands
2026-05-30,83.40354166666667,Netherlands
2026-05-31,85.29177083333333,Netherlands
2026-06-01,144.5121875,Netherlands
2026-06-02,120.32437499999999,Netherlands
2026-06-03,90.9659375,Netherlands
2026-06-04,55.40229166666666,Netherlands
2026-06-05,103.11343749999999,Netherlands
2026-06-06,83.55135416666667,Netherlands
2026-06-07,43.583020833333336,Netherlands
2026-06-08,127.69802083333333,Netherlands
2026-06-09,89.5990625,Netherlands
2026-06-10,116.28833333333334,Netherlands
2026-06-11,108.88375,Netherlands
2026-06-12,87.63635416666666,Netherlands
2026-06-13,28.1684375,Netherlands
2026-06-14,33.08947916666667,Netherlands
2026-06-15,82.68322916666666,Netherlands
2026-06-16,120.05854166666667,Netherlands
2026-06-17,119.25614583333333,Netherlands
2026-06-18,144.6584375,Netherlands
2026-06-19,109.88135416666667,Netherlands
2026-06-20,88.91375,Netherlands
2026-06-21,83.71604166666667,Netherlands
2026-06-22,124.89958333333334,Netherlands
2026-06-23,179.20520833333333,Netherlands
2026-06-24,226.35010416666668,Netherlands
2026-06-25,126.320625,Netherlands
2026-06-26,132.40104166666666,Netherlands
2026-06-27,101.7325,Netherlands
2026-06-28,82.63770833333334,Netherlands
2026-06-29,149.834375,Netherlands
2026-06-30,199.23979166666666,Netherlands
2026-07-01,148.11708333333334,Netherlands
2026-07-02,73.00875,Netherlands
2026-07-03,70.46552083333333,Netherlands
2026-07-04,62.504999999999995,Netherlands
2026-07-05,67.92,Netherlands
2026-07-06,101.70770833333334,Netherlands
2026-07-07,87.4534375,Netherlands
2026-07-08,113.73395833333332,Netherlands
2026-07-09,131.07510416666668,Netherlands
2026-07-10,123.54416666666667,Netherlands
2026-07-11,93.17927083333332,Netherlands
2026-07-12,72.75510416666667,Netherlands
2026-07-13,113.48020833333334,Netherlands
2026-07-14,110.15958333333333,Netherlands
2026-07-15,124.69645833333334,Netherlands
2026-07-16,151.13416666666666,Netherlands
2026-07-17,137.99114583333332,Netherlands
2026-07-18,81.93583333333333,Netherlands
2026-07-19,70.32625,Netherlands
2026-07-20,106.42604166666666,Netherlands
2026-07-21,112.54802083333334,Netherlands
2026-07-22,104.8678125,Netherlands
2026-07-23,121.08145833333333,Netherlands
2026-07-24,132.59604166666665,Netherlands
2026-07-25,89.71729166666667,Netherlands
2026-07-26,82.27697916666666,Netherlands
2026-07-27,76.62625,Netherlands
